0,0,4,8,5,21,157,financial
1,1,2,29,7,0,218,education
2,2,13,5,5,24,128,pharmaceutical
3,3,14,19,5,16,192,realestate
4,4,1,29,8,0,159,software
5,5,13,22,3,16,141,pharmaceutical
6,6,11,10,1,17,125,retail
7,7,10,22,3,24,99,realestate
8,8,3,11,6,25,174,retail
9,9,14,16,9,15,193,pharmaceutical
10,10,5,8,9,5,122,education
11,11,4,3,2,14,192,financial
12,12,11,12,0,26,137,realestate
13,13,6,25,6,28,86,pharmaceutical
14,14,16,21,4,9,155,pharmaceutical
15,15,16,21,6,6,155,retail
16,16,2,23,0,14,215,realestate
17,17,8,4,4,18,162,education
18,18,4,6,9,6,175,pharmaceutical
19,19,2,20,1,2,213,realestate
20,20,19,18,3,20,116,education
21,21,4,27,9,20,190,education
22,22,18,26,5,4,95,software
23,23,12,25,5,22,78,financial
24,24,4,19,6,25,138,software
25,25,6,21,4,21,42,financial
26,26,10,12,4,1,92,software
27,27,5,17,1,14,104,retail
28,28,0,9,4,18,123,realestate
29,29,6,21,9,1,75,pharmaceutical
30,30,18,4,3,2,87,software
31,31,19,23,1,24,80,realestate
32,32,2,18,5,21,211,software
33,33,19,22,9,16,119,pharmaceutical
34,34,0,2,5,18,120,software
35,35,9,25,4,24,76,software
36,36,19,4,9,7,91,education
37,37,5,24,8,28,111,realestate
38,38,16,29,2,26,159,retail
39,39,4,23,6,17,156,pharmaceutical
40,40,14,10,2,29,178,pharmaceutical
41,41,19,3,9,3,76,education
42,42,19,17,1,29,95,financial
43,43,8,13,2,17,203,pharmaceutical
44,44,0,19,9,26,119,retail
45,45,17,9,3,12,196,financial
46,46,19,29,0,26,79,realestate
47,47,7,13,7,15,165,financial
48,48,7,10,8,6,160,software
49,49,19,13,6,13,88,software
50,50,10,7,0,0,88,pharmaceutical
51,51,5,3,5,26,130,retail
52,52,4,12,1,13,148,realestate
53,53,8,17,1,21,195,software
54,54,19,6,8,10,96,software
55,55,10,14,9,12,129,education
56,56,18,13,9,10,58,software
57,57,10,22,7,26,152,retail
58,58,6,14,5,6,42,software
59,59,6,26,8,8,54,realestate
60,60,19,9,0,28,108,education
61,61,11,23,3,8,124,education
62,62,16,21,5,24,161,financial
63,63,11,25,9,21,92,realestate
64,64,16,28,2,27,151,education
65,65,9,29,4,28,73,software
66,66,9,9,7,10,104,education
67,67,18,20,7,14,94,realestate
68,68,8,6,5,12,124,retail
69,69,6,18,7,26,54,education
70,70,19,2,8,6,71,retail
71,71,8,13,3,16,118,pharmaceutical
72,72,18,24,0,17,61,retail
73,73,11,28,5,13,115,financial
74,74,9,1,1,2,59,software
75,75,15,20,9,4,207,realestate
76,76,17,3,8,0,200,education
77,77,8,0,3,9,132,financial
78,78,5,21,1,16,113,retail
79,79,18,27,5,18,81,software
80,80,3,5,6,8,205,pharmaceutical
81,81,9,6,3,15,47,realestate
82,82,4,9,8,23,193,software
83,83,0,15,0,5,122,education
84,84,10,27,7,21,115,realestate
85,85,16,25,0,8,158,education
86,86,19,27,4,15,110,software
87,87,1,0,8,9,212,financial
88,88,14,5,3,11,192,financial
89,89,3,20,6,19,188,financial
90,90,19,24,1,22,71,pharmaceutical
91,91,12,24,9,11,105,pharmaceutical
92,92,15,26,0,6,219,financial
93,93,0,20,0,24,123,software
94,94,6,1,2,25,55,realestate
95,95,6,18,3,17,40,realestate
96,96,7,14,5,7,161,retail
97,97,4,23,9,21,169,financial
98,98,17,12,7,0,195,financial
99,99,9,29,6,8,102,education
100,100,8,11,0,12,205,education
101,101,5,28,0,11,93,software
102,102,14,0,2,9,185,financial
103,103,3,17,1,27,192,retail
104,104,4,28,6,5,160,realestate
105,105,5,10,9,19,111,pharmaceutical
106,106,18,29,5,0,65,pharmaceutical
107,107,9,15,5,19,51,financial
108,108,2,15,7,25,199,pharmaceutical
109,109,5,21,6,4,104,financial
110,110,16,8,2,4,153,software
111,111,0,29,7,20,120,education
112,112,18,1,7,4,61,pharmaceutical
113,113,18,21,6,10,80,financial
114,114,14,15,6,13,193,software
115,115,17,10,0,6,188,realestate
116,116,13,23,1,18,122,software
117,117,3,7,3,7,202,education
118,118,6,2,3,14,64,financial
119,119,9,18,0,23,105,financial
120,120,10,27,3,8,121,retail
121,121,15,16,3,20,179,retail
122,122,9,26,4,1,98,realestate
123,123,16,0,4,6,153,financial
124,124,5,23,2,22,108,pharmaceutical
125,125,14,8,0,3,196,realestate
126,126,0,1,8,2,121,pharmaceutical
127,127,18,8,8,20,59,retail
128,128,6,4,2,11,69,pharmaceutical
129,129,8,0,7,9,173,realestate
130,130,19,25,0,12,107,realestate
131,131,19,6,5,1,111,education
132,132,15,3,0,10,189,pharmaceutical
133,133,2,29,7,3,212,realestate
134,134,14,12,9,18,198,financial
135,135,5,17,3,6,98,software
136,136,15,12,7,4,185,education
137,137,13,14,2,6,132,software
138,138,11,29,2,23,133,education
139,139,11,1,5,13,108,retail
140,140,7,4,8,8,124,retail
141,141,16,15,0,22,160,pharmaceutical
142,142,14,23,5,21,182,education
143,143,6,26,9,29,41,financial
144,144,10,3,6,1,92,pharmaceutical
145,145,18,24,8,13,76,pharmaceutical
146,146,9,10,4,6,88,pharmaceutical
147,147,1,4,2,22,155,software
148,148,13,10,3,27,90,retail
149,149,2,28,9,12,206,retail
150,150,4,7,6,4,157,education
151,151,14,27,9,2,199,realestate
152,152,13,8,7,4,135,pharmaceutical
153,153,0,0,7,6,122,education
154,154,10,24,4,11,95,pharmaceutical
155,155,5,13,1,14,113,realestate
156,156,9,19,2,5,60,pharmaceutical
157,157,1,4,5,14,198,financial
158,158,6,13,0,27,80,education
159,159,7,12,5,25,128,financial
160,160,1,18,6,12,163,pharmaceutical
161,161,5,11,3,7,134,pharmaceutical
162,162,4,29,5,28,185,education
163,163,3,5,4,28,190,financial
164,164,17,25,4,9,197,retail
165,165,4,17,3,18,156,education
166,166,11,4,6,28,129,financial
167,167,10,1,1,14,155,retail
168,168,7,4,1,28,155,retail
169,169,0,4,6,7,123,education
170,170,0,19,2,14,120,retail
171,171,1,10,7,14,167,education
172,172,7,17,9,18,161,retail
173,173,11,29,5,14,97,education
174,174,14,11,0,20,188,software
175,175,13,12,8,0,94,realestate
176,176,17,11,8,17,186,retail
177,177,6,14,6,23,76,education
178,178,5,2,5,27,135,pharmaceutical
179,179,14,24,1,8,198,pharmaceutical
180,180,5,27,9,7,107,software
181,181,9,11,0,25,78,retail
182,182,13,11,0,5,89,education
183,183,4,15,4,8,168,financial
184,184,16,15,5,23,158,software
185,185,9,4,7,1,63,retail
186,186,19,18,5,1,111,software
187,187,16,5,7,8,150,realestate
188,188,15,11,2,28,204,financial
189,189,16,18,9,14,149,pharmaceutical
190,190,12,22,7,0,105,pharmaceutical
191,191,3,26,2,8,190,retail
192,192,0,14,2,10,119,retail
193,193,4,22,3,12,174,financial
194,194,19,10,8,20,99,retail
195,195,6,7,6,8,43,software
196,196,1,7,5,4,226,education
197,197,0,17,4,19,119,pharmaceutical
198,198,13,21,7,24,115,financial
199,199,10,10,7,23,145,pharmaceutical
200,200,17,19,9,28,191,education
201,201,0,25,8,9,120,software
202,202,16,19,8,3,149,pharmaceutical
203,203,18,10,7,7,89,pharmaceutical
204,204,3,6,5,14,198,realestate
205,205,12,17,7,11,83,pharmaceutical
206,206,11,16,4,13,110,pharmaceutical
207,207,19,5,0,13,116,education
208,208,10,22,2,16,153,realestate
209,209,12,9,3,2,105,financial
210,210,9,14,2,14,47,software
211,211,15,18,4,9,179,software
212,212,15,28,3,27,191,education
213,213,11,23,7,15,122,realestate
214,214,2,18,3,28,202,software
215,215,19,24,9,4,99,education
216,216,13,23,6,29,126,retail
217,217,6,6,7,3,63,retail
218,218,3,3,2,29,184,software
219,219,8,5,9,1,152,financial
220,220,6,0,4,16,69,financial
221,221,0,10,7,5,123,realestate
222,222,6,21,0,28,64,realestate
223,223,1,4,7,18,182,retail
224,224,16,12,7,27,160,software
225,225,8,14,0,22,116,software
226,226,13,11,3,11,119,pharmaceutical
227,227,19,9,0,5,110,education
228,228,16,19,2,16,154,pharmaceutical
229,229,2,18,9,12,215,education
230,230,1,16,8,19,159,software
231,231,13,15,9,6,113,education
232,232,0,26,2,7,122,education
233,233,7,20,0,4,161,financial
234,234,7,21,3,16,145,software
235,235,18,28,0,5,60,software
236,236,11,13,5,16,111,retail
237,237,16,4,9,11,146,realestate
238,238,11,7,4,14,101,financial
239,239,1,26,5,15,159,software
240,240,5,3,0,0,129,software
241,241,10,10,8,26,105,education
242,242,17,16,1,21,192,software
243,243,1,5,9,22,202,pharmaceutical
244,244,17,27,3,14,183,pharmaceutical
245,245,13,14,4,9,135,financial
246,246,9,7,6,26,90,financial
247,247,19,28,4,16,89,financial
248,248,14,18,5,4,198,realestate
249,249,19,9,0,18,86,pharmaceutical
250,250,12,9,6,13,107,education
251,251,17,28,4,16,197,retail
252,252,4,14,5,28,189,retail
253,253,8,19,5,27,178,financial
254,254,16,28,1,21,155,financial
255,255,9,9,4,21,60,education
256,256,16,3,2,11,149,retail
257,257,13,9,5,8,87,realestate
258,258,9,11,7,4,45,realestate
259,259,2,11,3,8,205,education
260,260,6,28,2,15,59,realestate
261,261,9,21,7,4,92,financial
262,262,1,29,6,19,162,realestate
263,263,18,22,7,11,95,education
264,264,12,7,7,26,107,software
265,265,4,27,3,16,173,realestate
266,266,18,10,9,28,97,financial
267,267,5,7,1,3,131,financial
268,268,11,20,5,23,109,realestate
269,269,18,14,1,24,57,education
270,270,13,17,9,4,88,realestate
271,271,11,15,4,0,140,retail
272,272,15,17,3,25,215,financial
273,273,3,4,2,12,192,education
274,274,18,18,2,2,51,pharmaceutical
275,275,15,22,1,3,187,software
276,276,11,19,9,23,95,retail
277,277,19,27,1,9,73,education
278,278,15,24,1,5,199,software
279,279,4,12,8,29,185,financial
280,280,7,13,7,9,155,pharmaceutical
281,281,13,18,6,8,104,education
282,282,14,13,9,0,190,financial
283,283,12,0,9,26,103,software
284,284,19,13,0,11,119,education
285,285,17,6,7,1,188,education
286,286,18,9,0,21,92,education
287,287,10,26,1,25,149,realestate
288,288,0,15,0,18,120,financial
289,289,3,2,3,2,170,education
290,290,8,4,5,9,192,software
291,291,12,6,1,23,93,software
292,292,19,2,3,22,95,financial
293,293,18,1,3,9,82,retail
294,294,2,1,8,12,215,financial
295,295,19,1,6,15,116,financial
296,296,5,9,1,19,128,pharmaceutical
297,297,7,28,0,0,164,realestate
298,298,1,16,0,7,191,retail
299,299,4,25,1,28,177,pharmaceutical
300,300,18,12,8,6,73,pharmaceutical
301,301,3,22,9,17,196,software
302,302,0,25,7,19,122,software
303,303,1,6,9,8,160,retail
304,304,11,16,5,27,128,retail
305,305,7,15,7,24,157,retail
306,306,12,2,5,28,107,financial
307,307,5,13,1,25,130,education
308,308,11,14,7,15,128,financial
309,309,0,12,7,5,122,realestate
310,310,0,2,8,22,123,pharmaceutical
311,311,9,23,1,19,97,pharmaceutical
312,312,10,7,2,28,143,pharmaceutical
313,313,2,22,7,11,217,retail
314,314,14,12,5,18,179,realestate
315,315,0,9,8,3,120,software
316,316,4,16,3,1,145,retail
317,317,7,27,7,9,163,software
318,318,5,9,1,4,109,retail
319,319,1,25,1,12,206,retail
320,320,9,20,2,8,92,financial
321,321,14,29,1,28,189,retail
322,322,9,2,5,12,61,software
323,323,8,8,9,1,117,pharmaceutical
324,324,6,19,9,6,69,pharmaceutical
325,325,1,11,5,23,207,software
326,326,1,9,6,13,184,retail
327,327,7,5,3,20,120,retail
328,328,16,17,1,18,159,retail
329,329,4,15,7,5,176,software
330,330,7,21,0,1,125,realestate
331,331,19,3,9,27,105,software
332,332,10,25,7,8,98,retail
333,333,18,26,8,25,83,financial
334,334,18,6,8,13,58,pharmaceutical
335,335,3,16,4,5,198,financial
336,336,17,9,7,0,190,financial
337,337,15,29,4,29,190,education
338,338,18,20,3,29,82,pharmaceutical
339,339,16,17,5,24,147,realestate
340,340,19,7,5,8,88,financial
341,341,13,25,4,15,142,retail
342,342,5,18,6,28,93,pharmaceutical
343,343,4,3,3,23,191,education
344,344,17,22,5,2,187,retail
345,345,4,4,0,28,131,realestate
346,346,3,29,7,18,168,software
347,347,6,20,3,22,58,pharmaceutical
348,348,18,12,3,5,59,financial
349,349,10,4,3,15,145,software
350,350,19,0,0,13,85,software
351,351,7,26,2,10,157,retail
352,352,17,3,1,3,204,education
353,353,6,6,5,26,73,software
354,354,1,20,7,13,162,pharmaceutical
355,355,19,0,4,9,117,realestate
356,356,12,7,0,3,99,retail
357,357,5,4,6,3,125,retail
358,358,12,12,6,8,104,education
359,359,5,12,2,23,102,retail
360,360,8,16,0,5,179,financial
361,361,3,2,1,20,177,realestate
362,362,17,15,8,8,192,retail
363,363,9,4,3,11,56,retail
364,364,5,3,2,22,132,education
365,365,9,13,7,26,52,pharmaceutical
366,366,6,14,3,2,73,financial
367,367,9,26,9,1,73,retail
368,368,17,9,9,21,186,retail
369,369,17,26,4,6,198,realestate
370,370,13,23,2,17,118,pharmaceutical
371,371,4,26,2,23,153,pharmaceutical
372,372,8,26,2,25,193,software
373,373,13,13,9,28,100,software
374,374,0,12,0,19,121,software
375,375,3,18,5,5,197,education
376,376,3,7,3,23,178,education
377,377,18,4,6,28,88,retail
378,378,18,21,1,0,93,realestate
379,379,13,18,1,3,116,education
380,380,11,9,0,18,105,realestate
381,381,13,10,0,12,95,software
382,382,17,14,3,27,184,education
383,383,2,4,8,11,219,financial
384,384,10,17,0,18,106,pharmaceutical
385,385,4,5,6,20,155,retail
386,386,8,16,3,0,157,retail
387,387,12,9,2,16,92,retail
388,388,9,9,7,28,90,pharmaceutical
389,389,15,8,4,14,188,pharmaceutical
390,390,12,19,1,17,83,retail
391,391,14,1,6,29,194,realestate
392,392,9,21,3,6,90,retail
393,393,16,6,3,7,162,pharmaceutical
394,394,18,9,5,13,95,realestate
395,395,18,22,4,25,100,financial
396,396,3,13,4,6,175,realestate
397,397,14,4,0,0,180,pharmaceutical
398,398,8,26,1,19,198,financial
399,399,11,0,1,6,109,retail
400,400,0,10,2,12,123,realestate
401,401,19,1,9,29,116,software
402,402,16,11,8,7,156,education
403,403,7,16,5,12,158,retail
404,404,14,15,6,29,179,financial
405,405,14,26,1,13,187,financial
406,406,11,19,9,4,139,pharmaceutical
407,407,19,17,1,3,84,software
408,408,13,26,5,11,127,financial
409,409,3,22,7,11,179,retail
410,410,15,18,3,26,179,financial
411,411,1,5,1,6,155,retail
412,412,9,16,0,9,103,financial
413,413,16,3,0,23,154,retail
414,414,19,11,5,19,113,financial
415,415,7,21,6,13,141,software
416,416,8,22,2,9,190,financial
417,417,14,16,9,0,186,realestate
418,418,12,14,2,24,92,pharmaceutical
419,419,15,15,2,23,189,education
420,420,5,24,7,5,108,software
421,421,6,16,9,24,82,retail
422,422,2,5,6,0,201,financial
423,423,15,10,2,6,186,software
424,424,16,6,9,25,147,software
425,425,12,28,2,24,82,retail
426,426,3,7,3,29,196,realestate
427,427,19,13,6,14,108,education
428,428,6,3,1,29,72,retail
429,429,17,22,6,20,187,education
430,430,3,8,0,11,193,retail
431,431,12,16,6,24,83,retail
432,432,13,14,1,29,123,financial
433,433,11,19,6,11,114,realestate
434,434,8,6,5,21,197,software
435,435,15,9,8,22,181,retail
436,436,17,4,2,18,192,pharmaceutical
437,437,13,10,3,2,133,realestate
438,438,8,6,5,6,165,retail
439,439,17,0,3,13,183,financial
440,440,9,0,7,29,101,retail
441,441,14,26,9,1,193,realestate
442,442,9,3,6,16,64,education
443,443,19,12,0,12,113,pharmaceutical
444,444,13,14,6,7,90,financial
445,445,17,29,5,24,183,financial
446,446,10,10,4,17,143,realestate
447,447,2,27,4,28,202,retail
448,448,9,15,0,28,98,software
449,449,2,5,7,9,204,software
450,450,4,16,9,0,185,financial
451,451,17,9,3,28,204,pharmaceutical
452,452,4,29,2,14,188,software
453,453,16,8,3,23,154,education
454,454,0,11,3,4,123,software
455,455,6,9,7,24,59,pharmaceutical
456,456,16,23,0,14,153,financial
457,457,13,18,5,12,129,education
458,458,3,18,4,28,210,software
459,459,19,4,0,25,115,software
460,460,1,17,5,6,227,education
461,461,4,18,3,8,143,realestate
462,462,1,6,4,27,218,realestate
463,463,18,29,0,17,73,education
464,464,0,18,7,3,119,software
465,465,11,11,8,16,137,financial
466,466,12,22,1,13,91,software
467,467,16,29,8,23,154,realestate
468,468,16,21,8,1,151,software
469,469,1,8,0,10,192,realestate
470,470,1,6,6,14,209,software
471,471,15,19,6,15,207,retail
472,472,17,28,9,7,204,software
473,473,16,7,0,4,150,education
474,474,0,26,9,18,122,pharmaceutical
475,475,14,20,1,5,182,software
476,476,15,0,0,6,219,retail
477,477,6,7,5,1,62,education
478,478,8,7,1,24,161,realestate
479,479,3,15,3,12,179,pharmaceutical
480,480,11,25,2,28,130,education
481,481,19,0,9,26,117,pharmaceutical
482,482,2,22,0,13,207,software
483,483,13,25,8,16,87,education
484,484,13,0,3,14,101,financial
485,485,14,29,7,22,180,education
486,486,8,13,1,0,165,education
487,487,8,7,1,19,159,pharmaceutical
488,488,5,9,3,8,133,financial
489,489,1,29,9,28,226,education
490,490,7,27,4,18,161,financial
491,491,14,4,3,27,184,realestate
492,492,11,12,8,20,121,retail
493,493,12,7,0,28,98,retail
494,494,1,0,8,17,183,realestate
495,495,19,10,0,11,114,realestate
496,496,10,24,3,13,121,retail
497,497,2,18,8,21,204,realestate
498,498,13,29,2,2,105,retail
499,499,17,2,2,19,187,education
500,500,5,7,9,12,136,retail
501,501,16,9,6,5,159,realestate
502,502,4,24,1,10,179,pharmaceutical
503,503,6,16,8,11,41,education
504,504,13,21,8,22,103,pharmaceutical
505,505,10,2,9,26,128,retail
506,506,1,7,6,1,223,realestate
507,507,11,15,2,19,138,realestate
508,508,14,18,3,21,190,realestate
509,509,12,23,8,5,94,retail
510,510,7,5,7,1,137,retail
511,511,6,8,1,13,86,financial
512,512,14,13,6,7,181,financial
513,513,9,3,9,10,87,financial
514,514,15,2,3,13,209,financial
515,515,8,19,1,29,178,pharmaceutical
516,516,13,0,8,20,107,retail
517,517,19,23,7,21,75,realestate
518,518,4,8,9,21,135,pharmaceutical
519,519,17,10,6,3,205,education
520,520,19,21,2,13,97,pharmaceutical
521,521,3,0,1,24,199,financial
522,522,6,19,2,5,47,education
523,523,13,27,3,27,121,pharmaceutical
524,524,9,8,4,4,97,pharmaceutical
525,525,4,18,9,1,167,pharmaceutical
526,526,7,2,7,16,141,realestate
527,527,12,9,4,20,96,education
528,528,6,22,2,15,44,retail
529,529,12,4,7,17,92,pharmaceutical
530,530,10,0,9,16,102,realestate
531,531,10,27,8,11,104,financial
532,532,6,26,7,22,81,software
533,533,19,6,2,9,90,pharmaceutical
534,534,15,20,3,23,198,education
535,535,14,7,3,29,198,pharmaceutical
536,536,19,20,8,1,114,realestate
537,537,13,17,5,21,128,financial
538,538,0,8,9,22,122,software
539,539,17,9,4,25,196,education
540,540,16,2,9,11,147,software
541,541,10,10,1,12,141,retail
542,542,1,5,2,12,221,realestate
543,543,7,22,8,1,132,realestate
544,544,4,6,7,7,169,education
545,545,0,10,0,29,122,pharmaceutical
546,546,14,9,0,16,178,education
547,547,9,14,6,18,72,education
548,548,16,26,5,8,150,realestate
549,549,1,11,0,22,156,financial
550,550,6,29,7,11,52,realestate
551,551,13,7,4,10,98,retail
552,552,15,14,4,23,197,retail
553,553,8,5,9,10,203,retail
554,554,9,7,1,1,48,pharmaceutical
555,555,7,29,2,0,131,education
556,556,14,27,3,6,182,financial
557,557,18,18,3,0,78,software
558,558,7,11,0,3,150,software
559,559,6,8,6,23,42,software
560,560,4,14,3,4,176,software
561,561,18,9,4,4,87,education
562,562,4,15,2,13,151,education
563,563,4,3,9,3,136,education
564,564,0,29,3,25,123,realestate
565,565,18,28,0,7,90,realestate
566,566,0,5,1,6,121,pharmaceutical
567,567,14,16,0,15,194,education
568,568,13,19,3,23,126,realestate
569,569,8,13,6,16,201,software
570,570,12,29,5,13,90,pharmaceutical
571,571,8,3,0,6,154,software
572,572,19,12,8,25,95,pharmaceutical
573,573,1,20,8,5,161,realestate
574,574,15,16,2,12,184,retail
575,575,1,21,5,27,230,pharmaceutical
576,576,11,12,1,12,105,education
577,577,5,22,0,23,124,pharmaceutical
578,578,3,3,2,16,176,education
579,579,8,1,5,12,157,financial
580,580,10,26,1,28,91,financial
581,581,17,17,8,16,193,retail
582,582,8,7,5,9,199,financial
583,583,3,11,8,20,215,retail
584,584,16,17,9,4,153,software
585,585,10,17,6,9,132,software
586,586,7,21,9,18,148,realestate
587,587,17,13,2,14,188,software
588,588,16,8,7,19,156,financial
589,589,3,22,5,27,213,education
590,590,13,11,1,28,101,education
591,591,11,21,4,0,93,retail
592,592,12,20,5,20,101,software
593,593,6,3,4,14,71,pharmaceutical
594,594,2,28,9,28,211,realestate
595,595,2,12,2,13,214,pharmaceutical
596,596,10,20,6,7,126,financial
597,597,4,12,4,7,191,pharmaceutical
598,598,17,4,7,27,192,financial
599,599,0,7,9,9,123,retail
600,600,6,9,3,13,73,financial
601,601,11,8,2,27,132,education
602,602,1,15,4,12,211,education
603,603,13,16,6,9,95,realestate
604,604,16,19,4,22,159,financial
605,605,1,8,7,9,222,education
606,606,18,20,4,26,92,financial
607,607,18,6,8,7,91,retail
608,608,14,25,3,0,188,pharmaceutical
609,609,14,11,7,29,179,retail
610,610,7,26,4,16,163,software
611,611,6,23,2,2,52,retail
612,612,2,0,8,16,208,financial
613,613,14,12,3,6,186,financial
614,614,4,17,2,8,185,software
615,615,17,18,8,15,189,retail
616,616,6,8,8,22,51,pharmaceutical
617,617,6,24,9,0,54,financial
618,618,5,24,1,1,100,retail
619,619,6,4,9,16,62,software
620,620,9,19,6,18,67,financial
621,621,3,13,9,2,166,software
622,622,5,19,6,14,111,software
623,623,16,19,5,14,157,education
624,624,3,8,1,3,165,software
625,625,2,3,1,4,210,financial
626,626,1,13,3,15,194,retail
627,627,17,10,6,4,199,retail
628,628,1,5,6,5,215,pharmaceutical
629,629,10,21,0,2,109,education
630,630,9,2,3,13,62,pharmaceutical
631,631,7,14,0,19,128,retail
632,632,10,3,8,13,98,financial
633,633,2,16,1,21,213,software
634,634,1,4,7,1,185,software
635,635,11,10,1,11,93,education
636,636,11,27,1,25,135,pharmaceutical
637,637,1,4,6,25,157,retail
638,638,5,2,7,6,119,financial
639,639,8,29,1,28,196,financial
640,640,5,2,8,17,107,realestate
641,641,1,14,3,9,231,pharmaceutical
642,642,14,10,4,25,194,retail
643,643,6,8,2,14,69,software
644,644,2,26,5,25,205,realestate
645,645,14,8,6,16,195,software
646,646,17,9,5,22,183,pharmaceutical
647,647,10,0,6,11,93,realestate
648,648,10,24,9,24,105,retail
649,649,9,6,2,19,85,financial
650,650,15,10,3,25,178,pharmaceutical
651,651,14,17,6,28,194,retail
652,652,2,10,2,22,206,education
653,653,13,12,9,12,101,pharmaceutical
654,654,15,2,6,8,211,education
655,655,5,5,8,11,94,pharmaceutical
656,656,16,26,6,0,152,retail
657,657,17,23,4,9,203,financial
658,658,1,14,2,16,171,financial
659,659,15,17,7,17,185,education
660,660,6,7,5,29,70,pharmaceutical
661,661,19,19,7,26,113,realestate
662,662,15,20,4,27,179,education
663,663,14,25,6,23,179,realestate
664,664,6,29,3,16,68,education
665,665,13,19,2,15,120,education
666,666,13,2,1,22,104,realestate
667,667,3,19,6,5,191,retail
668,668,3,2,9,6,171,financial
669,669,2,9,3,2,209,software
670,670,7,6,8,19,139,realestate
671,671,9,27,2,18,67,retail
672,672,1,14,2,25,223,pharmaceutical
673,673,13,3,9,8,139,financial
674,674,11,17,3,24,135,retail
675,675,13,0,0,25,130,realestate
676,676,0,20,2,4,122,software
677,677,14,8,1,10,198,financial
678,678,6,28,0,16,57,retail
679,679,5,11,7,23,102,realestate
680,680,10,26,5,8,128,financial
681,681,14,21,0,29,186,financial
682,682,0,23,7,28,121,pharmaceutical
683,683,14,6,0,22,179,software
684,684,15,21,1,28,220,realestate
685,685,14,14,8,3,193,pharmaceutical
686,686,11,20,6,5,103,realestate
687,687,14,21,8,24,195,education
688,688,15,4,3,27,195,education
689,689,3,6,2,11,183,realestate
690,690,1,27,0,10,186,education
691,691,3,17,8,0,193,realestate
692,692,19,20,1,7,77,retail
693,693,8,23,1,5,181,realestate
694,694,1,19,5,11,207,pharmaceutical
695,695,11,0,5,29,92,pharmaceutical
696,696,9,23,6,24,52,pharmaceutical
697,697,4,16,4,7,133,retail
698,698,12,7,4,4,80,education
699,699,4,24,7,6,152,financial
700,700,1,7,7,6,204,software
701,701,0,12,7,15,121,software
702,702,2,26,3,18,208,retail
703,703,19,0,9,6,90,software
704,704,1,2,8,22,186,education
705,705,6,21,1,19,52,education
706,706,11,16,5,13,110,education
707,707,14,10,6,12,196,realestate
708,708,5,23,1,23,116,education
709,709,9,23,0,29,102,pharmaceutical
710,710,13,15,8,29,130,education
711,711,15,12,7,14,194,financial
712,712,0,8,4,24,123,pharmaceutical
713,713,5,7,4,15,138,pharmaceutical
714,714,0,24,8,4,120,education
715,715,10,5,2,19,104,education
716,716,4,25,9,13,169,software
717,717,5,24,9,28,102,retail
718,718,13,4,2,17,137,pharmaceutical
719,719,6,5,7,19,82,education
720,720,16,17,5,3,162,software
721,721,12,2,2,9,78,financial
722,722,5,14,9,19,136,realestate
723,723,19,26,0,3,93,realestate
724,724,8,14,0,4,189,financial
725,725,9,13,2,4,44,retail
726,726,14,18,8,28,191,realestate
727,727,0,9,9,24,123,financial
728,728,15,14,7,19,207,education
729,729,16,15,7,2,156,retail
730,730,11,10,8,19,127,financial
731,731,15,2,5,9,188,pharmaceutical
732,732,9,26,3,18,44,realestate
733,733,2,28,9,7,211,software
734,734,16,17,2,26,149,financial
735,735,3,22,9,8,166,realestate
736,736,17,11,4,29,200,software
737,737,16,2,5,4,162,pharmaceutical
738,738,1,17,4,20,233,retail
739,739,5,21,7,0,138,education
740,740,16,6,6,26,153,financial
741,741,17,8,9,28,188,retail
742,742,9,11,1,9,68,retail
743,743,17,8,6,22,189,retail
744,744,8,8,7,10,110,retail
745,745,14,20,9,21,182,financial
746,746,0,1,6,21,121,retail
747,747,16,25,8,21,157,software
748,748,16,8,0,25,149,education
749,749,3,2,0,9,204,retail
750,750,13,22,8,0,130,pharmaceutical
751,751,15,29,9,3,193,software
752,752,16,25,1,1,148,financial
753,753,8,8,9,8,121,retail
754,754,18,22,3,29,66,software
755,755,3,5,5,13,181,education
756,756,19,7,6,19,111,education
757,757,9,16,4,24,88,education
758,758,13,3,9,17,102,realestate
759,759,2,15,8,20,207,education
760,760,1,6,9,13,187,realestate
761,761,4,5,3,5,173,pharmaceutical
762,762,1,29,5,8,231,retail
763,763,3,21,1,29,175,pharmaceutical
764,764,11,1,8,1,95,retail
765,765,9,2,9,7,67,retail
766,766,19,4,4,5,113,education
767,767,17,14,1,13,186,pharmaceutical
768,768,1,27,3,13,217,pharmaceutical
769,769,0,11,8,16,119,realestate
770,770,6,14,9,27,48,financial
771,771,3,16,3,19,195,software
772,772,15,7,7,1,207,retail
773,773,19,16,4,8,74,education
774,774,14,25,8,29,199,financial
775,775,5,23,3,26,109,education
776,776,4,17,9,18,152,education
777,777,13,20,2,3,97,pharmaceutical
778,778,8,21,8,20,170,pharmaceutical
779,779,10,3,9,6,111,pharmaceutical
780,780,8,16,4,27,144,financial
781,781,16,29,6,28,155,education
782,782,12,12,6,18,99,financial
783,783,15,2,2,19,184,software
784,784,6,28,9,23,81,education
785,785,15,22,7,26,194,pharmaceutical
786,786,12,25,4,17,105,pharmaceutical
787,787,19,23,6,16,84,software
788,788,2,10,5,18,211,retail
789,789,10,6,9,21,141,financial
790,790,0,11,3,18,122,realestate
791,791,13,24,3,28,90,realestate
792,792,13,21,8,12,102,realestate
793,793,7,18,3,2,133,pharmaceutical
794,794,16,3,6,23,148,pharmaceutical
795,795,16,18,5,18,153,realestate
796,796,7,2,6,20,149,financial
797,797,9,15,8,20,100,financial
798,798,18,3,2,27,58,financial
799,799,5,19,9,4,112,financial
800,800,18,1,6,5,51,financial
801,801,16,13,3,27,146,education
802,802,6,23,2,28,80,education
803,803,4,7,7,15,169,pharmaceutical
804,804,16,24,2,25,162,education
805,805,6,12,5,26,55,retail
806,806,4,11,2,6,194,realestate
807,807,0,15,6,24,121,retail
808,808,10,1,3,6,105,software
809,809,19,13,8,24,77,education
810,810,15,9,6,21,183,realestate
811,811,8,22,8,7,132,pharmaceutical
812,812,4,10,6,14,195,financial
813,813,12,19,9,2,92,education
814,814,0,3,0,22,123,financial
815,815,4,13,7,13,157,financial
816,816,7,7,2,19,125,education
817,817,2,12,7,23,216,financial
818,818,2,17,6,23,216,software
819,819,4,20,0,20,182,retail
820,820,18,29,7,25,84,pharmaceutical
821,821,5,16,7,3,113,retail
822,822,6,11,1,22,48,education
823,823,18,14,6,0,79,realestate
824,824,14,5,3,13,196,education
825,825,15,28,9,29,201,education
826,826,12,5,5,6,96,education
827,827,7,20,6,25,154,realestate
828,828,4,10,5,7,189,realestate
829,829,17,22,5,22,187,software
830,830,8,5,2,16,120,pharmaceutical
831,831,11,21,5,29,123,education
832,832,11,8,6,13,109,financial
833,833,6,18,4,5,47,financial
834,834,15,16,6,16,205,pharmaceutical
835,835,14,16,0,29,182,retail
836,836,4,9,0,27,171,education
837,837,7,3,8,3,141,retail
838,838,18,24,1,24,103,software
839,839,18,20,9,17,89,financial
840,840,14,26,8,17,186,pharmaceutical
841,841,2,29,0,23,219,financial
842,842,9,1,2,10,88,software
843,843,13,28,5,13,87,software
844,844,16,12,6,1,155,software
845,845,6,16,0,0,48,retail
846,846,6,16,4,4,84,education
847,847,4,18,1,9,168,retail
848,848,13,3,8,2,108,software
849,849,8,6,8,2,186,software
850,850,1,15,4,17,209,education
851,851,2,18,7,28,217,education
852,852,11,26,0,27,103,pharmaceutical
853,853,9,22,2,15,66,software
854,854,3,23,9,2,179,software
855,855,18,2,5,19,75,pharmaceutical
856,856,13,7,4,28,125,retail
857,857,12,21,4,21,105,financial
858,858,6,4,2,14,81,pharmaceutical
859,859,11,25,1,0,133,financial
860,860,15,18,6,11,206,realestate
861,861,10,24,4,18,140,software
862,862,15,21,6,9,184,realestate
863,863,3,24,3,26,170,education
864,864,8,2,8,16,111,retail
865,865,5,26,1,15,117,software
866,866,8,23,1,4,148,software
867,867,19,28,5,22,103,pharmaceutical
868,868,2,16,9,7,206,software
869,869,10,2,2,21,144,software
870,870,10,27,6,12,106,pharmaceutical
871,871,11,3,3,7,102,retail
872,872,14,8,1,7,195,financial
873,873,0,14,4,18,121,pharmaceutical
874,874,12,27,9,2,90,software
875,875,17,7,7,25,196,retail
876,876,0,7,5,3,119,software
877,877,15,9,5,24,191,financial
878,878,6,9,3,24,61,pharmaceutical
879,879,13,8,3,7,117,software
880,880,10,14,0,10,103,financial
881,881,1,12,8,20,229,realestate
882,882,8,7,3,5,140,software
883,883,8,21,4,28,148,software
884,884,1,20,9,16,214,pharmaceutical
885,885,4,26,1,1,153,education
886,886,15,0,0,17,216,education
887,887,16,3,3,15,147,software
888,888,16,26,2,23,155,software
889,889,4,24,1,7,159,realestate
890,890,17,5,7,1,188,software
891,891,12,8,4,16,109,financial
892,892,16,25,1,1,162,financial
893,893,0,14,2,12,119,financial
894,894,6,16,0,10,49,retail
895,895,1,17,1,11,203,retail
896,896,14,12,2,8,184,education
897,897,17,17,8,28,188,software
898,898,7,9,1,15,125,pharmaceutical
899,899,15,20,3,15,214,education
900,900,4,18,6,27,168,retail
901,901,19,0,3,22,100,financial
902,902,15,15,5,1,195,pharmaceutical
903,903,3,7,2,15,190,retail
904,904,4,1,3,2,191,education
905,905,4,20,9,28,138,education
906,906,5,24,6,9,96,financial
907,907,13,17,5,2,98,financial
908,908,19,9,3,6,111,pharmaceutical
909,909,10,20,3,20,159,financial
910,910,17,29,2,1,186,realestate
911,911,17,19,1,3,191,education
912,912,14,25,6,5,196,financial
913,913,1,16,9,27,217,pharmaceutical
914,914,12,3,8,29,88,retail
915,915,10,25,6,13,112,education
916,916,3,7,7,2,197,education
917,917,15,21,6,10,178,software
918,918,14,0,9,19,180,financial
919,919,3,27,0,20,192,software
920,920,1,9,7,8,156,financial
921,921,12,17,6,27,101,pharmaceutical
922,922,6,18,6,27,63,pharmaceutical
923,923,3,29,4,5,216,financial
924,924,19,13,3,4,101,retail
925,925,18,28,4,12,80,financial
926,926,9,1,6,17,93,retail
927,927,1,10,2,0,187,pharmaceutical
928,928,8,5,2,19,195,financial
929,929,18,7,8,1,95,realestate
930,930,12,26,7,29,83,pharmaceutical
931,931,9,14,6,1,69,realestate
932,932,16,27,5,10,159,software
933,933,5,19,1,14,100,pharmaceutical
934,934,13,25,0,2,109,pharmaceutical
935,935,2,0,4,9,210,education
936,936,15,21,2,5,184,realestate
937,937,14,13,6,2,199,financial
938,938,3,4,9,5,212,realestate
939,939,16,11,8,23,158,education
940,940,10,19,3,17,156,education
941,941,0,13,3,27,122,education
942,942,13,25,3,26,93,pharmaceutical
943,943,13,11,1,11,125,software
944,944,19,5,1,25,84,financial
945,945,8,8,6,18,139,retail
946,946,4,11,0,16,179,realestate
947,947,12,10,9,19,89,education
948,948,6,27,2,29,54,financial
949,949,17,1,1,18,185,education
950,950,4,7,6,3,159,pharmaceutical
951,951,19,20,0,10,94,retail
952,952,11,8,4,7,124,realestate
953,953,1,7,6,5,214,realestate
954,954,17,4,1,0,204,education
955,955,4,8,8,22,170,education
956,956,3,26,3,7,208,software
957,957,13,7,4,1,106,education
958,958,0,17,4,25,119,education
959,959,14,16,4,25,182,retail
960,960,18,29,9,3,61,retail
961,961,8,8,0,6,169,pharmaceutical
962,962,16,28,2,20,151,education
963,963,9,4,4,2,79,retail
964,964,7,18,0,16,133,retail
965,965,16,12,4,21,147,retail
966,966,16,5,0,15,158,software
967,967,11,28,5,1,114,retail
968,968,3,28,2,9,181,retail
969,969,14,25,8,18,186,pharmaceutical
970,970,7,17,8,18,134,education
971,971,14,21,0,13,195,realestate
972,972,13,12,1,21,115,retail
973,973,13,19,1,9,107,software
974,974,11,20,4,12,116,education
975,975,5,11,5,5,107,pharmaceutical
976,976,19,17,6,16,85,financial
977,977,18,20,1,22,80,pharmaceutical
978,978,9,15,8,29,105,education
979,979,7,17,0,4,130,pharmaceutical
980,980,2,3,3,24,211,software
981,981,19,0,1,19,100,software
982,982,17,22,1,2,192,financial
983,983,11,8,2,13,124,realestate
984,984,3,18,6,5,210,education
985,985,6,18,4,28,57,software
986,986,9,25,1,28,53,retail
987,987,1,7,8,16,176,education
988,988,6,6,9,20,61,realestate
989,989,5,9,4,18,135,financial
990,990,6,22,7,29,79,retail
991,991,14,11,3,6,181,software
992,992,0,8,9,12,123,pharmaceutical
993,993,7,20,4,1,129,software
994,994,19,17,4,22,95,education
995,995,4,13,2,18,191,retail
996,996,1,7,0,4,181,education
997,997,18,19,8,1,71,pharmaceutical
998,998,0,18,8,23,121,realestate
999,999,16,22,8,3,156,financial
1000,1000,13,10,0,20,95,pharmaceutical
1001,1001,12,24,0,6,88,retail
1002,1002,4,27,6,27,151,education
1003,1003,0,23,4,18,121,education
1004,1004,0,17,7,27,119,education
1005,1005,8,15,1,7,158,education
1006,1006,8,7,3,5,132,financial
1007,1007,1,7,1,27,217,pharmaceutical
1008,1008,13,28,8,22,127,realestate
1009,1009,8,18,9,13,125,financial
1010,1010,14,11,4,0,180,pharmaceutical
1011,1011,3,19,6,17,174,financial
1012,1012,15,15,4,9,220,financial
1013,1013,1,21,8,26,231,realestate
1014,1014,5,26,9,20,111,financial
1015,1015,5,18,8,7,92,realestate
1016,1016,19,28,0,0,80,realestate
1017,1017,11,2,1,1,115,realestate
1018,1018,14,21,6,12,180,financial
1019,1019,16,16,1,26,150,financial
1020,1020,18,26,0,16,101,pharmaceutical
1021,1021,1,9,2,25,185,retail
1022,1022,13,25,0,16,138,software
1023,1023,15,23,6,26,219,software
1024,1024,11,21,8,25,128,retail
1025,1025,16,29,8,24,156,pharmaceutical
1026,1026,8,13,7,22,199,education
1027,1027,13,4,0,24,130,pharmaceutical
1028,1028,10,4,3,15,95,realestate
1029,1029,9,11,2,16,72,software
1030,1030,1,26,5,7,234,realestate
1031,1031,15,9,0,9,201,education
1032,1032,12,13,0,3,92,realestate
1033,1033,1,15,8,13,213,financial
1034,1034,15,2,3,18,216,education
1035,1035,10,19,9,1,104,realestate
1036,1036,14,4,7,20,185,education
1037,1037,10,10,6,21,88,realestate
1038,1038,2,23,6,2,208,software
1039,1039,9,14,6,27,74,software
1040,1040,9,12,2,20,56,software
1041,1041,17,10,3,17,197,financial
1042,1042,16,3,3,29,149,financial
1043,1043,3,18,1,24,179,education
1044,1044,12,11,2,25,97,pharmaceutical
1045,1045,6,3,9,26,39,financial
1046,1046,4,13,3,5,140,realestate
1047,1047,11,19,6,2,101,financial
1048,1048,10,1,5,6,134,retail
1049,1049,12,6,8,8,91,software
1050,1050,9,8,0,3,91,retail
1051,1051,13,11,2,26,95,pharmaceutical
1052,1052,16,5,7,6,157,software
1053,1053,14,21,8,18,195,financial
1054,1054,0,7,5,15,121,financial
1055,1055,2,19,7,14,201,education
1056,1056,2,16,7,24,210,education
1057,1057,10,15,6,27,117,realestate
1058,1058,0,25,0,17,119,software
1059,1059,12,29,0,19,94,realestate
1060,1060,17,13,0,27,185,pharmaceutical
1061,1061,9,6,0,27,92,financial
1062,1062,15,21,1,19,203,education
1063,1063,10,1,8,27,121,education
1064,1064,8,23,0,0,158,pharmaceutical
1065,1065,0,22,9,12,119,pharmaceutical
1066,1066,7,24,6,9,127,retail
1067,1067,19,12,7,10,89,software
1068,1068,1,9,7,25,163,education
1069,1069,7,25,8,19,158,education
1070,1070,3,0,3,10,196,pharmaceutical
1071,1071,0,24,9,8,123,software
1072,1072,0,17,5,4,121,education
1073,1073,12,28,2,19,102,realestate
1074,1074,18,16,7,24,77,education
1075,1075,19,24,4,23,89,software
1076,1076,19,4,3,17,99,pharmaceutical
1077,1077,15,11,5,19,186,software
1078,1078,10,16,1,8,98,retail
1079,1079,19,5,7,0,119,retail
1080,1080,12,17,4,5,84,software
1081,1081,1,28,2,6,178,software
1082,1082,6,29,7,9,64,financial
1083,1083,3,5,2,26,184,retail
1084,1084,3,18,8,21,187,software
1085,1085,19,22,1,22,111,realestate
1086,1086,19,29,2,4,85,pharmaceutical
1087,1087,19,21,9,0,85,financial
1088,1088,9,3,4,20,43,retail
1089,1089,5,9,7,20,110,realestate
1090,1090,14,29,1,28,180,realestate
1091,1091,2,29,4,16,217,retail
1092,1092,19,6,0,5,91,financial
1093,1093,16,1,8,2,161,software
1094,1094,2,5,2,10,208,education
1095,1095,19,16,8,25,112,education
1096,1096,9,14,7,28,66,realestate
1097,1097,0,12,0,5,119,pharmaceutical
1098,1098,14,17,1,19,190,financial
1099,1099,3,26,3,24,166,financial
1100,1100,3,9,7,2,168,retail
1101,1101,7,27,9,28,141,pharmaceutical
1102,1102,17,23,5,23,190,financial
1103,1103,0,1,7,5,119,pharmaceutical
1104,1104,1,16,8,10,156,retail
1105,1105,3,18,0,26,210,software
1106,1106,17,24,0,17,185,software
1107,1107,19,6,0,27,78,financial
1108,1108,10,6,6,26,96,education
1109,1109,0,20,8,13,122,pharmaceutical
1110,1110,19,24,8,3,75,realestate
1111,1111,3,10,9,5,212,pharmaceutical
1112,1112,18,24,6,25,53,pharmaceutical
1113,1113,18,13,4,0,73,software
1114,1114,0,4,4,22,119,realestate
1115,1115,18,25,8,25,99,pharmaceutical
1116,1116,5,5,7,10,98,financial
1117,1117,2,24,7,19,210,software
1118,1118,10,28,1,15,113,retail
1119,1119,18,10,8,27,70,software
1120,1120,5,21,2,8,96,retail
1121,1121,17,12,2,28,183,realestate
1122,1122,10,7,5,11,94,pharmaceutical
1123,1123,7,15,1,21,138,software
1124,1124,0,18,1,18,120,education
1125,1125,4,24,2,27,136,software
1126,1126,6,4,9,28,81,education
1127,1127,15,28,7,9,208,education
1128,1128,4,11,7,9,160,financial
1129,1129,7,15,0,15,155,realestate
1130,1130,16,8,4,2,155,pharmaceutical
1131,1131,14,12,9,10,182,education
1132,1132,0,22,1,16,119,financial
1133,1133,13,15,1,8,136,financial
1134,1134,10,21,7,22,97,pharmaceutical
1135,1135,11,28,0,28,140,retail
1136,1136,12,28,6,11,88,financial
1137,1137,6,15,8,26,74,retail
1138,1138,12,11,5,25,90,realestate
1139,1139,17,25,5,17,191,pharmaceutical
1140,1140,6,25,1,20,69,education
1141,1141,8,20,0,5,162,education
1142,1142,7,24,7,6,157,financial
1143,1143,12,1,8,19,94,financial
1144,1144,3,24,8,11,212,financial
1145,1145,0,4,6,6,123,realestate
1146,1146,4,13,4,2,165,software
1147,1147,19,5,2,14,74,software
1148,1148,4,16,2,14,154,financial
1149,1149,12,19,2,21,86,retail
1150,1150,17,18,2,7,199,financial
1151,1151,3,15,2,2,169,education
1152,1152,1,19,9,15,157,education
1153,1153,10,28,5,9,120,education
1154,1154,18,25,2,14,84,retail
1155,1155,13,7,4,21,133,realestate
1156,1156,16,10,3,1,149,education
1157,1157,5,5,0,1,139,education
1158,1158,16,1,3,10,162,education
1159,1159,18,26,0,11,80,pharmaceutical
1160,1160,0,18,7,0,121,software
1161,1161,9,24,6,24,50,pharmaceutical
1162,1162,2,13,6,23,210,realestate
1163,1163,1,4,4,14,206,software
1164,1164,2,0,9,24,219,education
1165,1165,1,19,0,16,195,financial
1166,1166,4,11,5,18,161,retail
1167,1167,19,4,2,12,105,pharmaceutical
1168,1168,13,24,6,24,116,software
1169,1169,11,3,5,13,106,retail
1170,1170,4,15,0,9,167,realestate
1171,1171,6,28,0,28,43,software
1172,1172,6,7,2,16,68,realestate
1173,1173,8,28,2,15,149,realestate
1174,1174,2,3,2,29,212,financial
1175,1175,18,7,3,6,84,financial
1176,1176,15,10,1,29,211,realestate
1177,1177,10,25,3,18,145,pharmaceutical
1178,1178,17,8,5,27,190,pharmaceutical
1179,1179,5,21,8,7,140,realestate
1180,1180,5,3,9,25,136,software
1181,1181,0,22,4,23,120,retail
1182,1182,0,8,9,29,120,pharmaceutical
1183,1183,18,24,1,1,68,retail
1184,1184,17,1,8,5,185,pharmaceutical
1185,1185,8,6,0,2,179,pharmaceutical
1186,1186,11,5,4,5,95,software
1187,1187,19,21,8,26,117,software
1188,1188,7,8,4,1,136,financial
1189,1189,9,15,9,9,70,pharmaceutical
1190,1190,14,28,3,25,189,realestate
1191,1191,16,17,3,10,146,retail
1192,1192,9,13,6,26,59,retail
1193,1193,12,17,0,25,108,financial
1194,1194,16,2,5,24,157,pharmaceutical
1195,1195,0,7,1,25,123,pharmaceutical
1196,1196,3,28,3,1,205,retail
1197,1197,17,8,8,9,193,realestate
1198,1198,1,2,5,22,231,software
1199,1199,2,21,5,5,210,realestate
1200,1200,5,27,5,3,129,retail
1201,1201,3,27,4,22,189,pharmaceutical
1202,1202,13,28,4,8,89,education
1203,1203,0,17,6,21,121,realestate
1204,1204,8,21,1,2,136,education
1205,1205,16,24,4,21,150,education
1206,1206,1,4,3,6,208,retail
1207,1207,17,8,8,15,200,retail
1208,1208,14,2,8,19,191,education
1209,1209,8,15,6,29,173,retail
1210,1210,16,17,2,24,151,financial
1211,1211,1,23,9,0,197,software
1212,1212,4,6,1,18,167,pharmaceutical
1213,1213,16,17,0,20,161,software
1214,1214,11,27,7,8,93,financial
1215,1215,7,29,1,5,125,education
1216,1216,13,16,3,13,130,financial
1217,1217,0,10,4,22,122,retail
1218,1218,11,2,6,19,120,financial
1219,1219,18,28,1,20,70,pharmaceutical
1220,1220,8,8,6,23,119,retail
1221,1221,10,16,3,7,126,financial
1222,1222,9,26,7,8,45,realestate
1223,1223,13,15,8,10,122,retail
1224,1224,4,13,9,11,176,realestate
1225,1225,9,28,9,15,69,pharmaceutical
1226,1226,17,28,2,9,200,pharmaceutical
1227,1227,9,12,9,9,105,pharmaceutical
1228,1228,16,12,3,2,146,education
1229,1229,19,16,5,10,91,financial
1230,1230,3,28,8,18,186,software
1231,1231,13,25,2,23,101,pharmaceutical
1232,1232,11,11,4,27,108,software
1233,1233,19,23,6,6,71,financial
1234,1234,14,9,1,16,199,software
1235,1235,18,24,0,22,73,retail
1236,1236,14,23,6,2,186,education
1237,1237,15,17,8,20,183,software
1238,1238,6,3,9,15,78,pharmaceutical
1239,1239,1,6,1,1,156,education
1240,1240,9,18,2,29,90,retail
1241,1241,6,19,7,16,45,financial
1242,1242,0,23,3,25,119,software
1243,1243,14,25,0,22,199,pharmaceutical
1244,1244,12,10,9,24,107,software
1245,1245,5,4,8,6,114,retail
1246,1246,3,8,2,9,210,software
1247,1247,2,10,3,8,204,pharmaceutical
1248,1248,10,2,1,11,95,realestate
1249,1249,13,17,1,5,99,financial
1250,1250,10,4,5,14,124,pharmaceutical
1251,1251,16,23,0,2,148,retail
1252,1252,0,20,7,23,120,education
1253,1253,12,10,4,3,101,realestate
1254,1254,5,0,7,16,134,financial
1255,1255,5,20,5,26,136,education
1256,1256,0,13,7,21,121,retail
1257,1257,13,11,4,10,139,retail
1258,1258,5,5,8,22,127,pharmaceutical
1259,1259,11,29,7,6,141,financial
1260,1260,13,2,3,1,140,education
1261,1261,7,20,2,14,120,retail
1262,1262,12,24,5,12,80,financial
1263,1263,5,9,0,3,135,software
1264,1264,7,26,5,22,154,software
1265,1265,10,12,3,16,148,retail
1266,1266,7,0,7,27,146,financial
1267,1267,9,28,3,6,67,realestate
1268,1268,5,15,3,6,92,financial
1269,1269,14,11,2,23,195,software
1270,1270,18,5,7,20,101,realestate
1271,1271,10,3,8,16,120,software
1272,1272,11,1,7,5,137,realestate
1273,1273,12,15,3,13,109,software
1274,1274,6,5,8,18,47,education
1275,1275,16,29,6,12,157,retail
1276,1276,14,18,7,4,197,education
1277,1277,14,16,8,7,191,financial
1278,1278,14,18,7,14,192,retail
1279,1279,6,12,6,4,81,software
1280,1280,3,4,7,24,198,education
1281,1281,19,1,4,6,92,realestate
1282,1282,12,18,1,26,98,software
1283,1283,5,20,6,14,104,software
1284,1284,3,6,1,20,217,software
1285,1285,17,20,6,17,203,software
1286,1286,19,2,2,21,86,realestate
1287,1287,4,23,8,0,139,realestate
1288,1288,1,13,3,22,200,software
1289,1289,11,10,6,24,139,financial
1290,1290,5,28,9,21,112,financial
1291,1291,11,3,9,27,109,realestate
1292,1292,6,10,0,9,42,software
1293,1293,15,4,1,14,186,software
1294,1294,11,16,1,5,115,retail
1295,1295,12,9,8,13,83,education
1296,1296,2,25,3,2,212,software
1297,1297,16,2,0,2,158,retail
1298,1298,1,29,5,5,167,pharmaceutical
1299,1299,16,2,1,7,158,realestate
1300,1300,13,18,8,28,141,financial
1301,1301,9,5,8,22,105,software
1302,1302,5,5,3,17,99,pharmaceutical
1303,1303,3,12,7,13,206,realestate
1304,1304,16,8,2,19,161,education
1305,1305,10,27,6,17,131,pharmaceutical
1306,1306,9,29,4,6,78,pharmaceutical
1307,1307,0,22,4,19,120,software
1308,1308,3,14,0,7,185,software
1309,1309,5,8,8,18,128,pharmaceutical
1310,1310,13,25,1,20,91,education
1311,1311,5,12,8,13,95,retail
1312,1312,8,1,2,21,175,pharmaceutical
1313,1313,10,19,4,29,108,software
1314,1314,15,11,2,2,185,retail
1315,1315,19,8,5,16,84,retail
1316,1316,1,7,0,13,179,retail
1317,1317,3,5,7,14,209,retail
1318,1318,9,23,2,12,100,education
1319,1319,17,3,4,11,189,financial
1320,1320,15,14,0,16,192,realestate
1321,1321,7,21,2,28,155,software
1322,1322,1,17,5,11,179,pharmaceutical
1323,1323,7,10,9,17,145,financial
1324,1324,15,9,1,17,198,software
1325,1325,5,11,4,0,112,pharmaceutical
1326,1326,19,10,4,17,119,realestate
1327,1327,7,26,6,14,161,software
1328,1328,11,10,8,5,125,education
1329,1329,1,9,7,16,159,financial
1330,1330,4,14,0,3,160,retail
1331,1331,15,28,2,16,218,retail
1332,1332,1,6,3,13,159,realestate
1333,1333,19,25,8,13,91,retail
1334,1334,4,0,2,11,189,software
1335,1335,10,18,6,6,159,education
1336,1336,1,17,9,9,228,financial
1337,1337,17,27,8,23,188,education
1338,1338,18,20,0,21,84,realestate
1339,1339,13,18,2,9,129,financial
1340,1340,12,22,9,27,82,education
1341,1341,19,8,4,27,76,retail
1342,1342,0,24,8,12,120,education
1343,1343,9,12,4,29,93,retail
1344,1344,13,23,3,28,107,pharmaceutical
1345,1345,18,5,3,13,81,software
1346,1346,6,18,9,6,47,financial
1347,1347,0,14,6,1,121,software
1348,1348,5,27,6,17,129,software
1349,1349,2,5,8,29,203,financial
1350,1350,8,17,8,7,113,realestate
1351,1351,2,16,4,25,202,realestate
1352,1352,11,11,9,24,116,pharmaceutical
1353,1353,9,12,3,1,103,retail
1354,1354,0,2,0,25,122,pharmaceutical
1355,1355,11,20,6,25,114,realestate
1356,1356,19,1,4,14,101,pharmaceutical
1357,1357,13,7,6,6,125,financial
1358,1358,6,12,6,20,44,education
1359,1359,6,4,4,24,65,software
1360,1360,2,5,5,18,212,education
1361,1361,13,11,8,11,140,realestate
1362,1362,7,7,4,18,125,software
1363,1363,19,4,5,5,86,software
1364,1364,7,29,6,7,153,education
1365,1365,9,26,5,9,63,software
1366,1366,17,13,7,2,205,pharmaceutical
1367,1367,9,9,5,25,62,retail
1368,1368,5,19,9,0,94,financial
1369,1369,7,11,6,7,151,pharmaceutical
1370,1370,5,17,4,8,125,retail
1371,1371,8,2,6,25,185,pharmaceutical
1372,1372,12,20,4,29,81,education
1373,1373,11,4,9,4,141,retail
1374,1374,15,7,3,24,202,pharmaceutical
1375,1375,8,10,7,6,187,realestate
1376,1376,7,17,1,20,142,pharmaceutical
1377,1377,11,21,8,7,131,realestate
1378,1378,3,28,0,14,165,retail
1379,1379,16,6,6,2,152,realestate
1380,1380,4,19,3,29,166,pharmaceutical
1381,1381,11,18,1,10,114,pharmaceutical
1382,1382,9,22,9,29,57,realestate
1383,1383,17,14,6,15,201,software
1384,1384,8,9,7,2,183,pharmaceutical
1385,1385,9,7,2,7,71,financial
1386,1386,15,1,9,21,180,realestate
1387,1387,9,2,7,22,96,financial
1388,1388,3,0,4,9,176,education
1389,1389,9,27,8,2,95,education
1390,1390,15,0,4,16,199,education
1391,1391,12,1,4,1,108,education
1392,1392,0,20,6,21,119,software
1393,1393,0,12,7,26,123,retail
1394,1394,15,13,3,25,208,retail
1395,1395,12,27,1,15,85,realestate
1396,1396,17,14,8,27,195,education
1397,1397,6,8,3,12,65,software
1398,1398,18,17,4,12,84,retail
1399,1399,10,25,7,3,137,pharmaceutical
1400,1400,8,25,2,28,165,education
1401,1401,10,25,5,27,124,education
1402,1402,4,12,8,19,148,education
1403,1403,0,3,1,17,123,education
1404,1404,6,26,2,12,69,financial
1405,1405,15,7,6,20,203,education
1406,1406,7,18,4,26,119,software
1407,1407,12,8,8,28,92,realestate
1408,1408,1,12,5,14,168,software
1409,1409,2,11,0,26,205,realestate
1410,1410,2,21,3,11,201,financial
1411,1411,10,14,7,28,88,realestate
1412,1412,10,17,7,9,125,education
1413,1413,14,13,4,19,191,retail
1414,1414,2,4,7,17,209,realestate
1415,1415,7,9,9,0,154,pharmaceutical
1416,1416,10,11,9,28,129,financial
1417,1417,3,16,1,15,177,education
1418,1418,9,19,3,20,78,pharmaceutical
1419,1419,8,13,5,5,158,realestate
1420,1420,3,11,5,2,184,software
1421,1421,7,27,6,26,139,pharmaceutical
1422,1422,2,17,9,8,214,retail
1423,1423,11,14,9,5,114,retail
1424,1424,11,20,6,4,120,software
1425,1425,15,18,2,17,196,retail
1426,1426,15,0,2,26,204,retail
1427,1427,12,16,3,12,107,pharmaceutical
1428,1428,16,7,1,22,151,education
1429,1429,0,28,2,4,120,retail
1430,1430,5,14,7,2,121,retail
1431,1431,15,23,3,16,212,software
1432,1432,6,20,5,15,44,education
1433,1433,17,29,3,26,198,financial
1434,1434,14,6,3,10,187,realestate
1435,1435,1,29,8,14,230,software
1436,1436,1,15,3,17,175,software
1437,1437,12,11,7,14,108,retail
1438,1438,6,27,4,27,47,education
1439,1439,14,9,1,25,183,realestate
1440,1440,0,21,5,18,119,pharmaceutical
1441,1441,1,19,2,1,178,financial
1442,1442,12,0,1,21,86,pharmaceutical
1443,1443,2,23,2,18,212,software
1444,1444,11,17,7,2,123,pharmaceutical
1445,1445,15,8,1,11,213,realestate
1446,1446,1,17,7,11,200,retail
1447,1447,13,10,8,0,145,financial
1448,1448,14,1,2,26,187,education
1449,1449,4,14,7,3,150,education
1450,1450,7,6,8,25,134,realestate
1451,1451,9,12,1,9,45,pharmaceutical
1452,1452,14,16,9,2,199,pharmaceutical
1453,1453,11,0,7,8,139,retail
1454,1454,2,9,3,7,207,pharmaceutical
1455,1455,10,26,1,26,93,pharmaceutical
1456,1456,13,28,6,21,90,realestate
1457,1457,5,3,8,27,93,realestate
1458,1458,0,24,1,13,119,pharmaceutical
1459,1459,5,9,6,13,119,software
1460,1460,11,10,8,27,126,realestate
1461,1461,1,11,8,4,211,pharmaceutical
1462,1462,15,25,1,5,196,financial
1463,1463,1,22,6,29,198,education
1464,1464,12,3,9,26,101,education
1465,1465,0,4,6,11,121,financial
1466,1466,5,23,5,19,118,financial
1467,1467,8,5,2,24,197,software
1468,1468,2,25,1,7,214,education
1469,1469,9,2,1,14,88,retail
1470,1470,13,4,8,3,144,pharmaceutical
1471,1471,6,20,6,5,72,software
1472,1472,6,20,9,12,72,financial
1473,1473,2,1,7,6,205,financial
1474,1474,13,19,1,18,146,education
1475,1475,9,8,8,14,99,pharmaceutical
1476,1476,3,6,3,7,193,retail
1477,1477,9,13,2,27,76,software
1478,1478,12,10,1,4,86,pharmaceutical
1479,1479,1,10,6,3,224,retail
1480,1480,7,9,9,7,163,realestate
1481,1481,15,28,7,8,194,software
1482,1482,16,15,8,1,153,realestate
1483,1483,2,1,7,21,199,retail
1484,1484,18,17,2,4,87,financial
1485,1485,18,9,1,2,99,pharmaceutical
1486,1486,17,1,3,26,191,retail
1487,1487,0,3,6,10,120,financial
1488,1488,14,5,5,4,190,realestate
1489,1489,14,1,7,15,187,realestate
1490,1490,5,17,7,22,123,realestate
1491,1491,19,1,0,22,98,education
1492,1492,4,18,3,21,147,pharmaceutical
1493,1493,9,12,5,29,46,retail
1494,1494,13,15,3,25,108,financial
1495,1495,8,5,2,8,125,education
1496,1496,9,20,7,19,95,retail
1497,1497,0,17,4,4,121,realestate
1498,1498,9,24,0,14,95,pharmaceutical
1499,1499,16,4,2,18,149,software
1500,1500,13,16,6,25,115,pharmaceutical
1501,1501,11,27,6,2,133,financial
1502,1502,1,0,9,0,166,education
1503,1503,12,15,9,8,89,software
1504,1504,13,12,0,27,94,software
1505,1505,12,27,0,23,109,financial
1506,1506,4,25,7,1,130,realestate
1507,1507,3,17,1,2,200,education
1508,1508,13,2,6,9,108,pharmaceutical
1509,1509,9,27,1,23,90,software
1510,1510,17,25,6,1,183,realestate
1511,1511,4,3,1,15,177,pharmaceutical
1512,1512,13,26,7,5,111,realestate
1513,1513,16,16,7,19,156,financial
1514,1514,9,24,9,18,80,realestate
1515,1515,15,4,4,0,213,education
1516,1516,1,18,5,13,180,education
1517,1517,8,29,8,19,197,pharmaceutical
1518,1518,2,26,9,13,207,pharmaceutical
1519,1519,2,21,9,4,200,software
1520,1520,12,7,9,26,107,software
1521,1521,2,18,4,0,206,pharmaceutical
1522,1522,11,25,3,6,113,financial
1523,1523,9,7,7,14,54,retail
1524,1524,5,25,1,24,121,retail
1525,1525,17,24,2,5,195,financial
1526,1526,13,2,9,25,102,realestate
1527,1527,4,5,3,19,131,financial
1528,1528,5,19,7,4,126,pharmaceutical
1529,1529,15,8,0,24,209,software
1530,1530,12,28,3,24,84,software
1531,1531,2,2,0,1,208,retail
1532,1532,13,27,2,17,87,financial
1533,1533,18,20,5,13,55,pharmaceutical
1534,1534,0,23,6,22,123,software
1535,1535,4,6,3,24,183,realestate
1536,1536,8,28,4,18,202,realestate
1537,1537,19,25,0,6,106,retail
1538,1538,17,28,9,16,195,retail
1539,1539,10,7,0,17,123,retail
1540,1540,10,25,4,25,96,education
1541,1541,11,0,8,21,132,financial
1542,1542,14,9,0,19,183,financial
1543,1543,6,13,3,24,71,realestate
1544,1544,0,7,2,20,121,pharmaceutical
1545,1545,15,23,6,6,182,pharmaceutical
1546,1546,17,23,6,24,197,education
1547,1547,7,26,9,8,149,realestate
1548,1548,0,0,4,24,123,retail
1549,1549,5,17,5,3,121,financial
1550,1550,9,6,1,29,93,education
1551,1551,5,15,2,10,131,pharmaceutical
1552,1552,1,17,8,7,157,financial
1553,1553,17,4,6,9,185,software
1554,1554,17,21,0,3,202,realestate
1555,1555,19,15,2,28,96,education
1556,1556,7,1,0,15,144,financial
1557,1557,1,22,3,22,206,retail
1558,1558,9,26,3,20,71,pharmaceutical
1559,1559,9,19,9,0,65,realestate
1560,1560,5,15,7,15,125,education
1561,1561,11,16,9,22,115,pharmaceutical
1562,1562,19,0,3,22,83,retail
1563,1563,5,13,1,2,120,retail
1564,1564,16,26,3,20,150,pharmaceutical
1565,1565,13,4,8,21,104,education
1566,1566,8,20,5,17,145,retail
1567,1567,2,14,3,23,200,software
1568,1568,12,8,5,13,78,financial
1569,1569,19,29,3,0,113,realestate
1570,1570,9,27,0,23,76,education
1571,1571,0,17,4,5,122,retail
1572,1572,18,11,2,6,61,financial
1573,1573,14,19,8,29,189,financial
1574,1574,1,21,8,10,224,retail
1575,1575,19,16,8,20,77,pharmaceutical
1576,1576,1,1,5,6,178,software
1577,1577,0,28,9,12,123,education
1578,1578,13,11,8,27,120,education
1579,1579,10,16,4,0,143,realestate
1580,1580,3,26,4,7,193,pharmaceutical
1581,1581,4,6,2,2,194,pharmaceutical
1582,1582,6,16,7,5,49,retail
1583,1583,7,21,5,27,165,financial
1584,1584,12,24,1,8,102,retail
1585,1585,3,15,8,11,172,education
1586,1586,0,13,5,29,120,education
1587,1587,2,0,3,27,214,education
1588,1588,18,29,3,7,72,financial
1589,1589,1,17,6,15,178,realestate
1590,1590,12,4,6,19,96,pharmaceutical
1591,1591,19,15,2,7,116,realestate
1592,1592,19,8,0,20,100,realestate
1593,1593,18,29,7,12,61,education
1594,1594,8,6,0,2,114,education
1595,1595,14,14,8,7,196,retail
1596,1596,16,15,7,1,161,education
1597,1597,13,1,4,25,104,realestate
1598,1598,11,6,2,5,101,pharmaceutical
1599,1599,9,0,6,21,85,financial
1600,1600,8,11,2,7,121,realestate
1601,1601,17,12,4,1,205,retail
1602,1602,0,9,2,20,121,software
1603,1603,17,1,7,26,186,pharmaceutical
1604,1604,1,19,2,2,177,realestate
1605,1605,11,26,7,20,120,realestate
1606,1606,8,24,3,9,119,financial
1607,1607,6,29,5,29,81,education
1608,1608,19,1,6,13,89,financial
1609,1609,19,7,1,17,89,financial
1610,1610,16,24,5,18,148,education
1611,1611,17,21,0,6,201,software
1612,1612,17,14,7,3,188,software
1613,1613,18,3,0,1,95,retail
1614,1614,5,15,7,1,111,retail
1615,1615,13,17,5,21,98,software
1616,1616,9,0,1,26,86,pharmaceutical
1617,1617,1,0,6,9,211,education
1618,1618,3,17,1,7,196,pharmaceutical
1619,1619,17,28,8,8,184,education
1620,1620,2,3,9,1,201,retail
1621,1621,12,6,7,6,89,software
1622,1622,5,16,9,1,119,software
1623,1623,6,23,7,14,62,retail
1624,1624,18,16,5,17,100,software
1625,1625,18,27,8,18,73,financial
1626,1626,7,9,8,24,163,retail
1627,1627,11,14,9,0,136,pharmaceutical
1628,1628,14,17,0,10,180,retail
1629,1629,18,12,0,24,87,retail
1630,1630,7,29,7,2,164,retail
1631,1631,15,24,0,29,205,financial
1632,1632,0,10,3,14,122,education
1633,1633,7,8,2,14,122,retail
1634,1634,9,2,3,25,84,retail
1635,1635,15,11,2,27,215,software
1636,1636,18,3,6,4,61,financial
1637,1637,1,17,5,21,236,realestate
1638,1638,17,29,3,7,198,retail
1639,1639,9,1,8,15,50,education
1640,1640,18,3,6,2,73,financial
1641,1641,13,15,7,1,106,retail
1642,1642,7,16,0,22,148,realestate
1643,1643,7,17,6,7,134,realestate
1644,1644,3,22,3,3,204,realestate
1645,1645,19,7,4,7,108,financial
1646,1646,14,4,5,22,196,pharmaceutical
1647,1647,19,14,2,26,116,retail
1648,1648,5,16,0,12,106,education
1649,1649,13,0,9,2,121,software
1650,1650,15,15,9,27,199,retail
1651,1651,13,19,7,22,93,software
1652,1652,6,17,4,10,69,pharmaceutical
1653,1653,11,0,2,10,97,education
1654,1654,14,27,4,24,184,financial
1655,1655,13,4,6,10,129,realestate
1656,1656,15,15,2,6,214,financial
1657,1657,18,7,4,13,85,software
1658,1658,15,19,9,28,213,realestate
1659,1659,7,17,1,3,151,realestate
1660,1660,9,4,2,6,96,financial
1661,1661,0,13,0,5,120,realestate
1662,1662,14,18,3,4,189,financial
1663,1663,18,6,4,19,70,pharmaceutical
1664,1664,12,5,7,13,107,pharmaceutical
1665,1665,11,6,0,19,118,software
1666,1666,17,18,7,17,193,retail
1667,1667,13,24,8,28,130,realestate
1668,1668,19,9,6,7,73,realestate
1669,1669,5,7,5,12,137,pharmaceutical
1670,1670,7,0,1,10,123,education
1671,1671,19,22,1,22,77,education
1672,1672,11,18,7,10,131,realestate
1673,1673,4,14,4,14,170,pharmaceutical
1674,1674,13,17,7,18,96,realestate
1675,1675,8,26,4,23,173,software
1676,1676,18,24,5,26,70,financial
1677,1677,14,21,1,24,193,pharmaceutical
1678,1678,13,18,4,23,109,financial
1679,1679,17,19,2,23,204,pharmaceutical
1680,1680,3,19,6,5,185,financial
1681,1681,5,9,1,12,131,pharmaceutical
1682,1682,0,1,2,13,121,realestate
1683,1683,16,25,9,4,153,realestate
1684,1684,11,18,4,16,134,financial
1685,1685,9,6,7,26,65,education
1686,1686,18,2,0,6,72,financial
1687,1687,6,21,9,23,38,financial
1688,1688,4,18,9,2,146,realestate
1689,1689,19,17,6,10,114,financial
1690,1690,17,20,6,10,197,financial
1691,1691,11,25,5,6,115,financial
1692,1692,7,14,7,9,157,financial
1693,1693,14,29,0,25,184,financial
1694,1694,2,0,0,2,201,software
1695,1695,16,24,5,28,156,financial
1696,1696,17,23,3,26,190,pharmaceutical
1697,1697,16,16,2,23,161,software
1698,1698,19,20,4,29,79,retail
1699,1699,12,21,0,8,104,pharmaceutical
1700,1700,2,0,4,0,206,realestate
1701,1701,11,4,3,23,110,financial
1702,1702,9,22,5,29,43,realestate
1703,1703,3,7,1,17,191,realestate
1704,1704,0,28,4,29,121,financial
1705,1705,18,0,3,6,63,retail
1706,1706,7,27,0,2,155,pharmaceutical
1707,1707,17,25,2,29,190,pharmaceutical
1708,1708,19,22,1,17,91,realestate
1709,1709,16,29,4,26,159,software
1710,1710,6,24,5,25,43,pharmaceutical
1711,1711,11,0,0,6,95,retail
1712,1712,7,26,4,9,135,education
1713,1713,0,22,0,23,123,education
1714,1714,5,17,9,15,119,software
1715,1715,5,14,5,9,111,realestate
1716,1716,5,18,9,16,115,retail
1717,1717,19,23,5,2,117,software
1718,1718,16,3,0,24,157,financial
1719,1719,3,27,7,28,180,software
1720,1720,4,10,3,19,181,realestate
1721,1721,15,2,7,5,190,pharmaceutical
1722,1722,4,20,8,29,178,pharmaceutical
1723,1723,9,1,3,28,71,retail
1724,1724,6,26,3,27,73,education
1725,1725,4,3,1,23,186,retail
1726,1726,9,6,3,16,57,pharmaceutical
1727,1727,7,1,5,2,120,software
1728,1728,10,21,6,0,88,financial
1729,1729,6,3,7,11,52,pharmaceutical
1730,1730,16,13,7,11,151,retail
1731,1731,2,28,6,8,208,education
1732,1732,16,6,4,16,157,education
1733,1733,10,2,5,7,136,retail
1734,1734,5,2,8,7,105,retail
1735,1735,7,10,2,7,164,retail
1736,1736,0,26,4,22,123,software
1737,1737,14,5,4,17,180,software
1738,1738,9,18,4,9,73,retail
1739,1739,9,9,7,11,63,education
1740,1740,5,24,0,15,117,financial
1741,1741,12,26,3,3,95,education
1742,1742,13,9,7,2,124,financial
1743,1743,13,25,6,4,104,retail
1744,1744,2,25,9,17,208,financial
1745,1745,10,15,4,15,107,education
1746,1746,18,6,8,16,73,pharmaceutical
1747,1747,14,12,6,24,183,software
1748,1748,8,15,9,5,192,education
1749,1749,9,17,4,8,103,software
1750,1750,14,27,0,25,180,education
1751,1751,10,5,0,21,114,pharmaceutical
1752,1752,15,24,7,29,203,pharmaceutical
1753,1753,12,26,1,9,104,pharmaceutical
1754,1754,1,29,1,21,190,pharmaceutical
1755,1755,17,22,4,4,203,realestate
1756,1756,11,22,8,5,116,software
1757,1757,4,14,3,10,192,retail
1758,1758,17,19,5,26,193,retail
1759,1759,12,10,2,10,107,retail
1760,1760,19,29,9,10,87,retail
1761,1761,13,29,9,25,132,education
1762,1762,15,23,3,25,182,retail
1763,1763,11,19,3,15,130,education
1764,1764,16,13,4,17,158,realestate
1765,1765,12,16,7,18,109,software
1766,1766,6,1,8,22,51,pharmaceutical
1767,1767,9,27,6,16,97,software
1768,1768,8,15,2,20,207,pharmaceutical
1769,1769,12,19,2,22,87,retail
1770,1770,6,0,9,4,57,education
1771,1771,5,14,3,12,120,realestate
1772,1772,14,19,6,26,189,pharmaceutical
1773,1773,15,0,1,28,195,financial
1774,1774,14,29,4,20,198,software
1775,1775,6,1,8,22,41,realestate
1776,1776,11,20,8,19,119,financial
1777,1777,7,8,0,3,129,pharmaceutical
1778,1778,8,10,8,18,187,retail
1779,1779,7,24,8,18,125,retail
1780,1780,19,1,0,18,113,retail
1781,1781,11,5,8,8,99,software
1782,1782,7,13,1,4,151,pharmaceutical
1783,1783,9,24,9,0,63,financial
1784,1784,1,12,8,4,218,realestate
1785,1785,8,19,4,26,188,realestate
1786,1786,3,14,4,23,173,realestate
1787,1787,14,24,7,13,192,retail
1788,1788,14,14,4,26,184,education
1789,1789,8,11,6,27,135,pharmaceutical
1790,1790,13,16,8,21,105,education
1791,1791,3,5,4,6,169,realestate
1792,1792,8,16,3,18,157,software
1793,1793,10,3,6,26,104,software
1794,1794,5,9,7,1,94,education
1795,1795,18,11,4,25,69,financial
1796,1796,16,25,0,4,147,financial
1797,1797,18,13,5,6,77,financial
1798,1798,0,12,3,15,121,realestate
1799,1799,18,21,4,5,51,financial
1800,1800,6,9,7,15,66,pharmaceutical
1801,1801,0,16,0,18,122,pharmaceutical
1802,1802,15,6,4,13,220,realestate
1803,1803,0,22,9,2,120,financial
1804,1804,0,26,1,21,120,retail
1805,1805,13,10,2,18,98,realestate
1806,1806,2,17,4,9,205,education
1807,1807,4,4,8,14,181,realestate
1808,1808,14,9,3,23,187,financial
1809,1809,16,28,2,10,147,software
1810,1810,15,11,9,13,203,pharmaceutical
1811,1811,8,27,6,28,128,pharmaceutical
1812,1812,4,27,0,22,169,financial
1813,1813,0,13,7,25,122,software
1814,1814,19,18,1,24,84,education
1815,1815,9,22,4,16,71,realestate
1816,1816,3,9,4,22,192,financial
1817,1817,17,25,7,24,195,retail
1818,1818,7,15,1,17,166,realestate
1819,1819,0,26,4,8,123,software
1820,1820,14,9,1,4,186,education
1821,1821,12,19,0,23,101,retail
1822,1822,8,12,0,2,122,retail
1823,1823,0,14,1,2,121,education
1824,1824,14,3,8,22,184,software
1825,1825,19,16,6,16,98,retail
1826,1826,9,17,2,3,55,software
1827,1827,19,3,5,22,98,education
1828,1828,6,11,0,0,58,education
1829,1829,11,24,1,8,111,software
1830,1830,6,7,3,11,83,financial
1831,1831,10,28,0,24,94,education
1832,1832,16,28,0,28,153,retail
1833,1833,7,24,4,25,140,financial
1834,1834,19,18,3,12,73,pharmaceutical
1835,1835,3,22,9,14,200,retail
1836,1836,9,1,3,27,57,realestate
1837,1837,14,22,8,23,192,pharmaceutical
1838,1838,11,22,3,22,138,education
1839,1839,1,12,3,3,175,realestate
1840,1840,7,18,1,14,128,education
1841,1841,7,23,0,15,148,software
1842,1842,18,29,5,20,75,realestate
1843,1843,6,3,5,12,81,education
1844,1844,5,25,3,19,127,financial
1845,1845,8,24,5,17,154,realestate
1846,1846,13,11,6,21,92,realestate
1847,1847,18,3,3,25,77,retail
1848,1848,8,26,8,14,193,retail
1849,1849,10,8,4,17,144,retail
1850,1850,12,28,8,3,107,financial
1851,1851,8,25,2,8,194,pharmaceutical
1852,1852,17,17,8,25,193,financial
1853,1853,18,13,7,10,88,retail
1854,1854,4,15,6,23,184,pharmaceutical
1855,1855,11,28,6,14,124,education
1856,1856,8,13,8,7,119,retail
1857,1857,14,10,8,18,192,retail
1858,1858,0,2,2,20,123,education
1859,1859,7,10,7,17,156,realestate
1860,1860,7,18,0,20,137,retail
1861,1861,1,2,1,15,198,realestate
1862,1862,2,11,2,13,199,education
1863,1863,1,7,0,28,155,pharmaceutical
1864,1864,17,20,2,25,189,software
1865,1865,19,29,1,5,104,pharmaceutical
1866,1866,2,10,4,21,216,retail
1867,1867,17,9,3,9,203,software
1868,1868,1,16,9,1,184,pharmaceutical
1869,1869,9,23,9,23,88,education
1870,1870,14,12,6,29,182,realestate
1871,1871,11,17,9,18,97,financial
1872,1872,19,2,0,13,88,realestate
1873,1873,10,18,7,29,122,realestate
1874,1874,10,26,9,13,101,pharmaceutical
1875,1875,5,22,1,9,138,pharmaceutical
1876,1876,18,3,9,10,64,software
1877,1877,17,24,3,16,205,financial
1878,1878,15,17,2,23,178,realestate
1879,1879,4,26,5,2,166,software
1880,1880,4,1,4,16,160,financial
1881,1881,11,20,0,15,111,software
1882,1882,19,23,2,28,90,pharmaceutical
1883,1883,5,13,8,21,116,software
1884,1884,1,18,7,25,206,software
1885,1885,0,24,5,25,122,retail
1886,1886,12,4,1,27,99,realestate
1887,1887,12,0,9,4,110,realestate
1888,1888,18,0,1,15,83,software
1889,1889,6,9,4,2,79,retail
1890,1890,10,10,7,3,110,financial
1891,1891,1,26,1,21,182,financial
1892,1892,2,28,0,23,204,retail
1893,1893,9,9,2,29,47,software
1894,1894,15,11,6,15,187,pharmaceutical
1895,1895,7,24,3,7,145,retail
1896,1896,14,7,8,25,183,pharmaceutical
1897,1897,18,7,9,12,55,education
1898,1898,6,24,2,24,45,retail
1899,1899,2,19,0,22,208,realestate
1900,1900,2,25,9,16,216,software
1901,1901,14,18,8,15,194,software
1902,1902,11,4,8,12,139,education
1903,1903,0,11,6,9,121,realestate
1904,1904,5,6,5,6,128,realestate
1905,1905,12,25,2,22,94,retail
1906,1906,18,25,8,25,84,realestate
1907,1907,0,6,9,21,119,software
1908,1908,9,28,1,2,94,realestate
1909,1909,5,10,1,4,108,software
1910,1910,16,29,7,15,151,education
1911,1911,11,22,4,4,114,retail
1912,1912,8,7,9,10,152,software
1913,1913,17,21,6,24,193,realestate
1914,1914,16,12,3,9,152,pharmaceutical
1915,1915,16,23,6,26,152,retail
1916,1916,3,1,1,19,206,realestate
1917,1917,10,3,5,18,103,education
1918,1918,15,16,7,21,195,financial
1919,1919,15,6,7,20,183,software
1920,1920,9,15,7,10,104,financial
1921,1921,10,3,1,19,100,financial
1922,1922,18,2,6,0,71,education
1923,1923,5,17,9,9,136,pharmaceutical
1924,1924,9,11,0,1,56,financial
1925,1925,14,29,2,6,183,education
1926,1926,13,22,7,25,127,pharmaceutical
1927,1927,12,19,1,2,93,realestate
1928,1928,5,15,3,7,119,pharmaceutical
1929,1929,7,0,9,2,159,education
1930,1930,4,4,4,26,142,pharmaceutical
1931,1931,19,1,3,24,118,pharmaceutical
1932,1932,6,27,4,20,50,education
1933,1933,11,24,9,11,125,financial
1934,1934,7,8,0,16,120,retail
1935,1935,17,20,7,22,204,realestate
1936,1936,13,24,8,26,127,education
1937,1937,13,26,3,14,114,software
1938,1938,3,6,8,4,205,software
1939,1939,15,1,8,15,216,pharmaceutical
1940,1940,8,18,6,16,138,pharmaceutical
1941,1941,1,1,9,19,189,financial
1942,1942,12,13,7,29,105,software
1943,1943,15,13,0,9,186,education
1944,1944,7,23,3,24,143,education
1945,1945,14,18,6,10,188,retail
1946,1946,18,8,0,27,63,realestate
1947,1947,19,13,9,0,112,realestate
1948,1948,15,2,9,12,196,financial
1949,1949,1,6,1,7,206,pharmaceutical
1950,1950,19,22,9,14,106,realestate
1951,1951,3,28,4,26,182,retail
1952,1952,8,19,9,12,145,retail
1953,1953,13,14,9,28,119,retail
1954,1954,12,7,1,17,86,realestate
1955,1955,16,20,2,18,146,retail
1956,1956,6,29,9,1,76,financial
1957,1957,9,15,5,7,79,pharmaceutical
1958,1958,0,13,3,23,123,realestate
1959,1959,0,28,0,27,120,retail
1960,1960,9,12,8,22,61,financial
1961,1961,14,16,9,23,181,retail
1962,1962,2,27,6,21,215,financial
1963,1963,3,18,0,9,217,financial
1964,1964,2,24,5,10,214,education
1965,1965,18,1,6,23,68,financial
1966,1966,0,4,5,14,122,retail
1967,1967,14,26,6,5,188,retail
1968,1968,15,9,6,29,181,financial
1969,1969,5,19,2,27,109,realestate
1970,1970,12,13,7,22,81,pharmaceutical
1971,1971,18,29,4,21,92,software
1972,1972,9,5,6,1,102,pharmaceutical
1973,1973,4,18,1,19,189,software
1974,1974,19,22,7,15,81,software
1975,1975,3,13,5,3,217,software
1976,1976,17,25,9,2,196,financial
1977,1977,8,9,5,9,163,retail
1978,1978,17,17,3,11,187,realestate
1979,1979,1,27,6,28,211,software
1980,1980,12,19,5,18,89,pharmaceutical
1981,1981,5,16,5,23,95,retail
1982,1982,19,25,6,2,82,software
1983,1983,14,14,8,28,187,education
1984,1984,3,24,4,15,177,pharmaceutical
1985,1985,4,20,6,21,147,retail
1986,1986,5,21,8,24,107,financial
1987,1987,6,0,1,12,41,financial
1988,1988,2,2,3,29,212,pharmaceutical
1989,1989,10,7,3,12,92,financial
1990,1990,16,18,2,0,161,education
1991,1991,6,25,4,18,70,education
1992,1992,2,26,0,18,208,pharmaceutical
1993,1993,19,19,1,24,119,financial
1994,1994,0,5,6,6,122,software
1995,1995,18,18,0,27,83,realestate
1996,1996,18,16,2,17,74,realestate
1997,1997,12,21,5,29,102,education
1998,1998,7,25,9,14,126,realestate
1999,1999,3,29,3,14,177,education
