Order-Id,Item-id,Product-Id,Quantity,Sales-Id,Customer-Id,Sales-Price-Per-Prod,Market-Segment
0,0,18,4,9,24,73,realestate
1,1,9,1,5,22,62,retail
2,2,8,10,8,20,194,education
3,3,12,6,4,5,92,financial
4,4,9,28,8,22,97,retail
5,5,1,27,8,22,219,education
6,6,5,4,6,3,103,retail
7,7,16,15,2,15,158,retail
8,8,17,28,8,16,205,pharmaceutical
9,9,8,13,4,8,158,software
10,10,17,18,0,14,203,pharmaceutical
11,11,13,18,2,7,112,education
12,12,5,11,7,18,120,education
13,13,14,29,8,20,178,retail
14,14,19,22,0,17,100,education
15,15,3,22,3,27,210,realestate
16,16,3,28,6,6,172,education
17,17,2,23,3,11,206,pharmaceutical
18,18,18,10,6,19,80,education
19,19,11,1,1,4,117,pharmaceutical
20,20,4,4,9,6,173,financial
21,21,5,0,1,0,120,realestate
22,22,0,11,7,27,120,pharmaceutical
23,23,7,29,0,28,137,pharmaceutical
24,24,16,11,7,3,161,financial
25,25,7,16,0,8,123,retail
26,26,2,19,5,22,209,pharmaceutical
27,27,9,7,8,6,90,software
28,28,19,17,7,13,99,retail
29,29,15,0,0,17,207,realestate
30,30,9,29,3,25,53,retail
31,31,6,13,2,6,47,software
32,32,19,27,0,24,83,pharmaceutical
33,33,16,6,5,24,152,software
34,34,10,2,6,26,120,pharmaceutical
35,35,5,25,9,15,132,education
36,36,6,14,4,7,58,realestate
37,37,13,3,9,20,102,financial
38,38,3,29,8,11,214,retail
39,39,13,0,7,17,129,realestate
40,40,12,5,5,0,89,software
41,41,17,28,5,18,184,financial
42,42,13,7,4,10,95,retail
43,43,19,23,6,27,103,retail
44,44,5,7,7,6,103,education
45,45,8,4,6,10,200,financial
46,46,14,18,6,28,180,realestate
47,47,9,17,5,20,103,education
48,48,9,15,1,25,84,pharmaceutical
49,49,2,24,2,28,202,realestate
50,50,4,23,2,0,130,pharmaceutical
51,51,16,16,0,18,158,financial
52,52,17,7,4,3,203,retail
53,53,17,4,2,19,198,financial
54,54,12,25,1,11,78,realestate
55,55,8,29,5,24,178,financial
56,56,15,14,3,22,194,pharmaceutical
57,57,19,2,5,7,103,pharmaceutical
58,58,9,8,3,11,68,retail
59,59,4,9,6,29,185,realestate
60,60,18,4,3,7,70,education
61,61,1,23,6,26,167,retail
62,62,9,5,9,27,54,retail
63,63,8,14,3,28,192,education
64,64,4,9,4,29,171,software
65,65,15,24,4,19,219,pharmaceutical
66,66,5,3,4,24,97,retail
67,67,15,11,9,15,179,software
68,68,0,25,5,10,123,pharmaceutical
69,69,2,13,5,27,201,education
70,70,14,4,3,21,191,realestate
71,71,19,29,6,10,94,software
72,72,0,24,6,13,121,education
73,73,12,1,3,1,102,retail
74,74,8,22,6,15,180,financial
75,75,19,23,7,25,73,education
76,76,17,9,8,25,200,retail
77,77,11,4,7,14,134,software
78,78,11,6,7,6,140,education
79,79,5,11,5,4,123,financial
80,80,1,20,9,19,220,software
81,81,5,0,7,6,131,realestate
82,82,5,17,2,0,109,software
83,83,12,0,9,6,94,realestate
84,84,14,8,8,27,187,software
85,85,7,25,3,11,123,retail
86,86,18,20,2,17,79,retail
87,87,1,29,9,23,212,education
88,88,12,20,9,16,103,realestate
89,89,13,6,8,2,101,realestate
90,90,4,17,0,12,192,realestate
91,91,11,3,7,0,115,pharmaceutical
92,92,7,24,2,1,151,financial
93,93,6,24,8,16,54,software
94,94,3,29,8,26,203,financial
95,95,0,22,7,8,119,financial
96,96,11,4,0,25,130,software
97,97,3,15,5,13,204,education
98,98,14,1,8,29,194,software
99,99,15,3,8,9,219,pharmaceutical
100,100,9,16,2,21,57,software
101,101,19,14,1,3,72,realestate
102,102,0,10,5,22,123,software
103,103,15,29,0,9,199,realestate
104,104,3,20,5,20,191,retail
105,105,4,18,3,9,178,realestate
106,106,1,12,1,13,200,retail
107,107,10,15,2,24,123,pharmaceutical
108,108,15,27,5,0,206,pharmaceutical
109,109,8,24,4,28,141,pharmaceutical
110,110,17,3,3,28,193,pharmaceutical
111,111,1,10,4,20,226,financial
112,112,2,0,7,23,199,pharmaceutical
113,113,14,21,7,17,188,realestate
114,114,18,6,6,27,92,software
115,115,0,10,9,7,123,financial
116,116,15,11,5,13,207,realestate
117,117,12,15,2,4,79,education
118,118,2,18,7,13,204,financial
119,119,10,17,6,14,150,realestate
120,120,3,0,6,19,180,pharmaceutical
121,121,15,16,4,15,179,financial
122,122,12,1,0,11,109,education
123,123,14,10,5,2,186,financial
124,124,11,23,8,26,102,realestate
125,125,0,10,5,23,123,pharmaceutical
126,126,13,22,9,23,119,retail
127,127,12,7,0,9,85,financial
128,128,14,12,5,5,192,financial
129,129,10,11,3,0,115,education
130,130,8,26,1,3,198,financial
131,131,0,17,6,28,123,financial
132,132,19,9,9,23,75,retail
133,133,4,25,9,6,191,realestate
134,134,19,0,5,15,110,education
135,135,6,28,5,18,44,pharmaceutical
136,136,11,4,7,13,141,financial
137,137,9,6,3,20,98,financial
138,138,1,29,1,24,209,realestate
139,139,11,11,4,6,108,financial
140,140,3,10,6,17,205,pharmaceutical
141,141,2,11,3,19,219,financial
142,142,15,14,2,19,211,financial
143,143,15,29,2,7,180,financial
144,144,4,3,8,15,140,realestate
145,145,13,7,6,9,112,software
146,146,11,20,5,21,115,pharmaceutical
147,147,12,9,3,25,108,retail
148,148,12,29,3,0,104,realestate
149,149,12,21,6,15,103,pharmaceutical
150,150,16,14,6,6,153,education
151,151,11,9,1,23,97,realestate
152,152,17,20,8,0,195,education
153,153,16,27,4,18,154,retail
154,154,13,14,5,7,145,financial
155,155,14,1,7,20,183,retail
156,156,13,13,5,26,136,retail
157,157,12,3,7,14,85,software
158,158,6,21,6,11,80,software
159,159,14,20,8,5,185,realestate
160,160,17,19,1,14,200,education
161,161,14,6,6,2,198,financial
162,162,16,12,1,4,156,retail
163,163,15,19,3,11,181,financial
164,164,11,0,1,27,119,realestate
165,165,7,13,6,20,162,retail
166,166,9,1,1,6,75,education
167,167,2,4,7,24,218,education
168,168,11,15,3,23,100,realestate
169,169,15,25,5,1,220,pharmaceutical
170,170,15,20,2,9,186,retail
171,171,2,15,9,10,208,software
172,172,15,0,1,28,185,pharmaceutical
173,173,14,8,8,24,192,retail
174,174,15,18,2,5,192,retail
175,175,8,19,7,3,192,education
176,176,7,29,7,3,119,education
177,177,18,18,2,1,85,pharmaceutical
178,178,3,1,9,6,192,financial
179,179,2,19,5,21,205,retail
180,180,4,8,4,22,184,education
181,181,10,3,9,18,105,financial
182,182,17,0,6,29,201,education
183,183,7,22,6,19,138,realestate
184,184,1,26,8,17,233,software
185,185,9,1,5,13,63,pharmaceutical
186,186,14,7,7,23,179,education
187,187,18,4,1,16,80,realestate
188,188,16,26,1,7,162,financial
189,189,1,4,0,26,235,realestate
190,190,10,2,6,23,109,education
191,191,8,16,1,5,118,realestate
192,192,6,2,5,29,75,realestate
193,193,13,8,2,17,104,education
194,194,9,11,8,22,64,realestate
195,195,11,29,1,13,106,retail
196,196,9,15,4,24,56,education
197,197,18,15,0,26,98,realestate
198,198,12,0,0,4,93,financial
199,199,0,26,2,26,121,retail
200,200,16,21,8,19,147,education
201,201,14,12,8,7,197,retail
202,202,0,19,1,5,121,pharmaceutical
203,203,8,18,1,24,201,retail
204,204,17,20,7,25,185,education
205,205,16,0,5,27,153,retail
206,206,16,4,2,23,148,financial
207,207,9,28,6,5,95,education
208,208,12,4,3,4,95,software
209,209,5,2,9,0,131,financial
210,210,6,2,9,26,63,education
211,211,0,22,6,26,121,retail
212,212,4,18,8,20,147,retail
213,213,7,16,3,7,135,retail
214,214,3,28,1,27,195,financial
215,215,12,12,0,19,92,realestate
216,216,7,14,3,8,165,pharmaceutical
217,217,4,25,3,17,144,retail
218,218,4,15,6,26,131,pharmaceutical
219,219,6,3,1,20,52,financial
220,220,15,22,4,8,220,pharmaceutical
221,221,17,29,2,1,202,pharmaceutical
222,222,16,12,5,12,148,pharmaceutical
223,223,7,7,6,19,132,realestate
224,224,7,22,9,24,144,financial
225,225,1,25,2,14,233,software
226,226,4,6,1,20,160,software
227,227,8,23,6,7,195,retail
228,228,9,6,0,23,66,software
229,229,13,16,9,29,88,software
230,230,19,13,7,6,71,financial
231,231,16,1,8,20,152,education
232,232,12,16,3,16,85,software
233,233,3,4,1,6,179,pharmaceutical
234,234,15,22,2,2,189,retail
235,235,13,23,5,19,89,software
236,236,15,8,2,3,215,education
237,237,0,8,6,24,120,software
238,238,2,10,6,8,209,retail
239,239,12,18,9,7,94,software
240,240,2,1,5,18,215,retail
241,241,2,27,9,2,213,software
242,242,13,13,1,0,92,software
243,243,2,23,1,3,217,education
244,244,16,4,4,15,161,education
245,245,18,26,6,25,72,financial
246,246,7,5,0,14,138,software
247,247,12,27,9,21,108,software
248,248,11,13,6,6,108,realestate
249,249,7,15,5,25,134,realestate
250,250,2,1,5,24,201,software
251,251,11,25,3,5,116,education
252,252,3,12,8,3,171,software
253,253,5,15,1,23,127,education
254,254,2,4,7,26,219,education
255,255,11,27,9,0,102,financial
256,256,3,16,6,12,194,education
257,257,5,13,4,15,135,software
258,258,17,17,2,13,193,realestate
259,259,7,27,0,16,160,software
260,260,2,20,9,24,213,realestate
261,261,6,5,9,19,66,realestate
262,262,10,17,0,23,153,financial
263,263,2,21,2,9,206,financial
264,264,1,19,1,5,167,software
265,265,17,21,0,17,190,education
266,266,1,3,2,16,220,financial
267,267,15,27,8,10,198,software
268,268,3,22,3,25,168,realestate
269,269,1,21,0,7,186,education
270,270,9,7,9,20,44,education
271,271,2,5,0,3,203,financial
272,272,17,17,8,28,199,pharmaceutical
273,273,6,27,9,29,66,realestate
274,274,4,16,3,29,141,pharmaceutical
275,275,7,7,2,5,140,financial
276,276,8,0,0,26,168,software
277,277,8,12,4,15,127,pharmaceutical
278,278,1,26,2,10,169,retail
279,279,9,24,3,7,83,financial
280,280,6,13,3,10,74,financial
281,281,13,29,2,13,104,realestate
282,282,16,18,2,16,152,education
283,283,13,7,9,9,141,financial
284,284,16,19,7,29,148,pharmaceutical
285,285,16,20,6,13,146,software
286,286,11,22,6,8,113,realestate
287,287,4,21,4,20,185,financial
288,288,18,6,8,1,84,software
289,289,5,4,5,25,114,realestate
290,290,18,14,9,6,55,retail
291,291,7,16,4,28,161,education
292,292,17,5,0,20,184,pharmaceutical
293,293,18,19,8,13,82,realestate
294,294,12,25,6,23,109,realestate
295,295,2,4,5,16,209,pharmaceutical
296,296,3,28,9,10,207,financial
297,297,15,3,5,1,201,financial
298,298,2,29,7,17,199,realestate
299,299,8,4,7,8,190,retail
300,300,13,3,0,27,122,retail
301,301,3,0,7,15,196,retail
302,302,4,22,8,8,160,retail
303,303,7,4,2,0,156,retail
304,304,13,15,5,5,89,realestate
305,305,12,24,9,11,101,realestate
306,306,10,10,4,16,144,financial
307,307,7,8,6,27,157,software
308,308,12,12,5,16,91,pharmaceutical
309,309,9,2,3,1,86,software
310,310,9,23,9,21,86,retail
311,311,9,26,4,19,97,pharmaceutical
312,312,15,20,3,10,213,education
313,313,5,1,5,1,110,financial
314,314,11,22,9,7,109,retail
315,315,15,3,5,8,218,software
316,316,18,9,8,18,77,financial
317,317,15,13,9,29,201,software
318,318,3,25,4,6,180,pharmaceutical
319,319,6,24,4,6,55,education
320,320,13,25,8,14,93,software
321,321,14,16,4,1,189,financial
322,322,14,10,0,27,198,financial
323,323,4,25,9,28,170,retail
324,324,2,3,9,12,202,realestate
325,325,16,5,9,2,161,software
326,326,19,4,5,14,72,education
327,327,15,23,1,17,217,realestate
328,328,4,17,2,10,173,realestate
329,329,19,28,8,20,115,realestate
330,330,12,26,5,29,78,financial
331,331,12,18,6,2,110,software
332,332,19,21,3,11,82,retail
333,333,12,14,9,23,107,financial
334,334,13,16,1,3,114,pharmaceutical
335,335,18,14,9,18,84,education
336,336,15,23,7,25,195,retail
337,337,0,24,6,20,123,retail
338,338,8,16,9,11,156,software
339,339,15,13,6,16,198,software
340,340,15,3,6,1,188,education
341,341,16,19,6,27,151,education
342,342,8,17,9,10,124,financial
343,343,9,11,2,17,101,pharmaceutical
344,344,10,11,7,7,155,education
345,345,14,7,5,7,179,education
346,346,19,26,6,29,92,retail
347,347,1,14,5,0,234,pharmaceutical
348,348,0,24,4,23,119,retail
349,349,6,21,0,12,62,software
350,350,10,7,5,21,147,education
351,351,13,24,7,19,100,education
352,352,3,24,2,24,191,financial
353,353,14,11,9,19,190,retail
354,354,19,19,1,11,71,software
355,355,7,25,1,11,165,pharmaceutical
356,356,5,7,5,23,102,software
357,357,14,28,6,19,191,education
358,358,18,7,0,6,57,retail
359,359,15,24,7,28,193,education
360,360,14,12,7,21,181,retail
361,361,12,18,6,22,79,financial
362,362,2,18,0,7,203,realestate
363,363,10,28,6,9,146,retail
364,364,15,14,6,10,186,financial
365,365,18,6,0,25,87,financial
366,366,11,12,3,19,118,education
367,367,1,23,1,28,157,education
368,368,6,4,7,20,42,pharmaceutical
369,369,10,29,1,10,129,pharmaceutical
370,370,5,28,6,2,129,retail
371,371,10,7,0,5,129,pharmaceutical
372,372,14,25,7,8,184,pharmaceutical
373,373,10,2,7,26,95,pharmaceutical
374,374,8,27,7,25,190,software
375,375,1,25,8,3,199,retail
376,376,7,1,4,17,164,software
377,377,13,23,2,21,90,realestate
378,378,3,24,4,2,207,realestate
379,379,7,2,7,28,122,retail
380,380,19,0,9,7,111,education
381,381,16,15,9,10,158,education
382,382,16,16,6,2,159,pharmaceutical
383,383,12,13,3,15,101,education
384,384,4,15,6,17,142,financial
385,385,3,5,3,0,194,financial
386,386,13,21,4,3,122,retail
387,387,12,18,1,6,92,realestate
388,388,1,17,3,4,167,pharmaceutical
389,389,9,5,1,28,77,pharmaceutical
390,390,9,5,1,12,57,software
391,391,5,2,8,14,94,financial
392,392,8,19,5,9,157,financial
393,393,15,13,8,14,180,retail
394,394,18,25,6,17,95,software
395,395,14,9,0,14,183,education
396,396,6,28,8,26,73,financial
397,397,10,15,8,1,114,education
398,398,14,24,1,23,178,software
399,399,7,3,6,28,138,retail
400,400,11,21,4,21,105,education
401,401,14,19,5,0,189,realestate
402,402,14,9,5,21,186,software
403,403,0,4,7,23,122,retail
404,404,13,16,1,10,98,education
405,405,15,8,2,16,205,financial
406,406,6,12,0,10,82,education
407,407,13,23,1,25,123,education
408,408,7,14,8,11,142,retail
409,409,7,15,7,1,132,retail
410,410,12,6,8,15,100,pharmaceutical
411,411,6,24,9,12,82,financial
412,412,15,21,2,8,217,retail
413,413,2,16,6,9,202,retail
414,414,17,5,8,27,186,education
415,415,9,20,3,28,44,pharmaceutical
416,416,17,5,7,14,187,education
417,417,0,26,5,0,120,realestate
418,418,9,24,4,11,48,realestate
419,419,13,26,1,25,94,retail
420,420,8,4,7,29,136,software
421,421,13,4,8,27,96,financial
422,422,0,0,5,22,121,retail
423,423,16,17,7,12,153,pharmaceutical
424,424,11,14,9,15,126,education
425,425,6,19,8,21,64,realestate
426,426,5,13,8,6,107,retail
427,427,9,7,4,25,59,retail
428,428,8,10,3,12,161,realestate
429,429,19,7,8,11,91,pharmaceutical
430,430,6,23,1,0,38,software
431,431,19,1,9,22,80,pharmaceutical
432,432,0,24,4,6,119,pharmaceutical
433,433,4,24,5,3,144,software
434,434,10,27,7,24,130,pharmaceutical
435,435,2,8,0,15,200,financial
436,436,16,23,3,10,161,education
437,437,7,18,5,6,158,financial
438,438,11,17,8,16,125,retail
439,439,1,21,5,16,181,education
440,440,1,29,3,19,215,software
441,441,13,1,3,24,139,retail
442,442,9,2,2,13,64,realestate
443,443,6,7,6,0,80,realestate
444,444,0,24,1,27,122,financial
445,445,16,23,9,26,162,software
446,446,9,5,7,28,80,retail
447,447,2,19,3,24,202,financial
448,448,16,11,5,18,151,pharmaceutical
449,449,0,8,4,17,122,realestate
450,450,15,16,3,23,212,retail
451,451,16,20,2,25,148,education
452,452,12,22,3,13,103,realestate
453,453,9,28,9,12,60,realestate
454,454,7,13,3,4,131,realestate
455,455,5,11,6,0,113,pharmaceutical
456,456,1,21,5,7,222,realestate
457,457,3,24,8,17,207,education
458,458,18,22,5,10,96,realestate
459,459,6,4,7,1,82,financial
460,460,17,6,8,11,183,software
461,461,10,3,9,4,143,retail
462,462,15,25,1,27,205,realestate
463,463,11,2,0,10,99,software
464,464,19,2,8,5,74,financial
465,465,13,3,5,5,107,realestate
466,466,14,24,8,3,180,financial
467,467,8,18,2,26,170,retail
468,468,6,10,3,23,55,retail
469,469,9,21,0,4,70,realestate
470,470,13,13,0,4,124,pharmaceutical
471,471,9,2,4,11,65,financial
472,472,6,25,8,16,45,realestate
473,473,1,7,1,4,229,pharmaceutical
474,474,19,23,5,21,104,realestate
475,475,6,3,1,29,68,retail
476,476,17,0,8,9,201,financial
477,477,9,7,5,12,81,realestate
478,478,16,20,1,17,146,pharmaceutical
479,479,1,28,5,13,224,financial
480,480,3,3,4,17,179,retail
481,481,10,20,5,19,152,retail
482,482,6,23,9,3,81,financial
483,483,13,2,3,28,87,realestate
484,484,10,7,9,23,127,financial
485,485,2,29,1,15,200,retail
486,486,5,27,9,27,104,pharmaceutical
487,487,13,25,7,12,143,pharmaceutical
488,488,4,24,8,20,145,pharmaceutical
489,489,1,20,6,25,226,software
490,490,17,10,2,23,186,retail
491,491,13,24,2,20,137,pharmaceutical
492,492,0,26,5,19,123,financial
493,493,15,27,1,19,202,pharmaceutical
494,494,9,2,2,10,47,retail
495,495,13,28,1,18,134,retail
496,496,11,0,0,22,133,pharmaceutical
497,497,15,4,6,18,185,realestate
498,498,9,13,7,12,93,realestate
499,499,1,5,3,22,195,pharmaceutical
500,500,4,9,5,10,131,retail
501,501,5,12,4,8,115,pharmaceutical
502,502,18,12,9,19,52,financial
503,503,5,23,8,8,95,realestate
504,504,8,17,0,1,165,realestate
505,505,1,13,0,24,163,education
506,506,6,23,7,14,57,education
507,507,18,1,4,10,53,education
508,508,16,15,0,5,156,education
509,509,2,15,6,27,206,software
510,510,14,21,4,14,178,pharmaceutical
511,511,0,22,2,29,120,retail
512,512,10,2,9,23,153,retail
513,513,19,14,5,22,87,education
514,514,3,15,9,5,186,retail
515,515,15,17,6,13,208,financial
516,516,9,16,5,24,87,pharmaceutical
517,517,12,26,6,15,94,software
518,518,8,21,8,26,181,realestate
519,519,2,23,8,24,200,software
520,520,12,27,6,25,86,realestate
521,521,4,20,1,29,154,financial
522,522,3,6,5,20,208,pharmaceutical
523,523,7,13,8,17,161,education
524,524,18,27,9,29,98,education
525,525,17,22,7,14,204,software
526,526,5,14,7,14,114,financial
527,527,14,1,9,16,185,retail
528,528,17,2,9,5,190,pharmaceutical
529,529,0,28,5,22,122,software
530,530,4,16,2,6,150,pharmaceutical
531,531,1,19,8,20,181,realestate
532,532,18,22,9,3,62,realestate
533,533,1,18,9,29,217,software
534,534,0,9,9,14,121,realestate
535,535,16,7,5,10,154,education
536,536,13,20,0,4,92,financial
537,537,0,6,6,11,119,retail
538,538,17,4,0,29,185,software
539,539,15,27,8,6,213,pharmaceutical
540,540,15,25,9,18,213,financial
541,541,7,26,4,21,151,realestate
542,542,7,9,0,26,161,pharmaceutical
543,543,4,6,0,10,155,realestate
544,544,19,11,1,4,102,software
545,545,16,11,7,18,150,pharmaceutical
546,546,9,7,3,18,57,education
547,547,18,4,2,17,57,retail
548,548,7,16,3,7,143,financial
549,549,14,25,8,12,183,realestate
550,550,7,10,6,0,133,education
551,551,13,20,8,1,98,financial
552,552,15,4,0,21,197,realestate
553,553,8,11,4,1,203,education
554,554,4,20,3,25,135,pharmaceutical
555,555,12,1,1,20,103,financial
556,556,3,25,4,16,185,realestate
557,557,5,20,2,1,99,retail
558,558,13,3,6,2,116,realestate
559,559,15,27,2,18,210,retail
560,560,3,25,9,0,214,financial
561,561,11,24,1,5,97,pharmaceutical
562,562,7,14,3,21,165,education
563,563,0,5,2,10,123,education
564,564,8,0,1,1,147,education
565,565,7,28,9,11,165,software
566,566,13,19,6,23,88,pharmaceutical
567,567,12,25,4,20,105,pharmaceutical
568,568,0,18,1,13,120,software
569,569,18,10,2,5,64,pharmaceutical
570,570,8,10,7,5,122,pharmaceutical
571,571,12,21,3,24,89,retail
572,572,7,4,4,0,143,pharmaceutical
573,573,11,19,0,7,104,retail
574,574,19,13,9,20,80,education
575,575,18,22,7,20,55,pharmaceutical
576,576,16,0,2,28,160,pharmaceutical
577,577,6,10,3,12,70,education
578,578,5,19,3,15,136,realestate
579,579,11,29,0,29,129,realestate
580,580,6,18,9,29,81,education
581,581,13,13,9,27,145,pharmaceutical
582,582,2,2,1,18,207,realestate
583,583,14,7,7,1,179,realestate
584,584,7,9,4,5,150,realestate
585,585,13,13,7,17,141,software
586,586,15,10,0,22,186,software
587,587,18,29,8,14,81,retail
588,588,7,4,8,29,131,pharmaceutical
589,589,7,24,4,9,148,pharmaceutical
590,590,10,14,3,0,101,software
591,591,10,13,8,25,93,pharmaceutical
592,592,11,6,3,16,108,education
593,593,16,22,1,19,148,financial
594,594,1,20,1,5,181,software
595,595,7,10,9,7,120,financial
596,596,2,2,5,21,201,pharmaceutical
597,597,8,3,0,27,204,retail
598,598,19,13,5,4,95,education
599,599,7,4,9,18,139,education
600,600,6,22,1,13,73,software
601,601,12,16,7,5,86,software
602,602,8,21,2,6,154,financial
603,603,13,14,6,5,95,financial
604,604,7,10,5,2,136,software
605,605,15,11,9,3,180,financial
606,606,19,8,6,11,118,realestate
607,607,16,28,1,9,151,financial
608,608,4,20,6,18,162,retail
609,609,0,9,6,9,120,pharmaceutical
610,610,14,21,6,6,178,retail
611,611,9,11,5,4,71,software
612,612,7,19,1,12,121,retail
613,613,8,29,7,12,173,retail
614,614,14,26,6,14,189,realestate
615,615,17,20,7,21,189,realestate
616,616,15,10,3,7,190,education
617,617,7,11,6,25,135,pharmaceutical
618,618,5,29,8,1,100,retail
619,619,16,16,6,13,156,software
620,620,10,25,5,7,94,realestate
621,621,14,21,6,17,179,financial
622,622,8,21,1,7,112,realestate
623,623,0,22,6,11,123,retail
624,624,13,8,3,11,130,retail
625,625,0,23,9,21,123,software
626,626,18,1,1,21,77,education
627,627,18,14,8,21,65,pharmaceutical
628,628,11,29,9,12,119,education
629,629,19,0,8,16,91,retail
630,630,12,8,9,24,100,software
631,631,7,13,1,9,128,education
632,632,6,20,2,16,85,pharmaceutical
633,633,16,24,6,22,159,education
634,634,0,16,8,26,120,software
635,635,19,1,0,2,110,realestate
636,636,9,6,8,18,102,financial
637,637,15,26,7,11,191,education
638,638,17,13,2,27,204,financial
639,639,19,13,3,22,112,education
640,640,16,8,0,14,162,retail
641,641,1,26,9,14,231,software
642,642,4,23,5,6,146,education
643,643,1,26,8,2,163,pharmaceutical
644,644,18,16,9,7,100,pharmaceutical
645,645,8,2,4,11,204,financial
646,646,5,19,0,7,104,pharmaceutical
647,647,18,19,5,9,51,pharmaceutical
648,648,8,13,4,0,163,education
649,649,3,21,6,29,195,pharmaceutical
650,650,5,5,4,12,136,realestate
651,651,3,11,5,24,194,retail
652,652,19,14,7,17,78,retail
653,653,15,6,5,27,184,realestate
654,654,3,23,7,6,191,retail
655,655,13,24,4,21,128,education
656,656,15,27,3,21,216,realestate
657,657,1,10,0,15,158,pharmaceutical
658,658,11,16,5,5,92,software
659,659,11,1,3,13,92,financial
660,660,4,11,8,11,176,education
661,661,5,7,4,16,134,software
662,662,14,4,8,9,180,retail
663,663,6,3,8,19,50,education
664,664,0,21,1,10,119,financial
665,665,16,3,0,22,157,education
666,666,5,22,6,20,113,education
667,667,5,17,2,14,122,financial
668,668,11,4,7,0,106,pharmaceutical
669,669,14,11,7,12,190,retail
670,670,18,0,9,23,91,pharmaceutical
671,671,14,27,9,15,195,retail
672,672,2,11,2,20,219,software
673,673,19,27,0,25,71,realestate
674,674,13,9,3,12,109,pharmaceutical
675,675,6,15,9,3,68,education
676,676,6,24,1,5,63,financial
677,677,1,17,7,5,185,financial
678,678,0,24,6,24,119,software
679,679,12,28,7,28,79,software
680,680,4,22,6,14,182,software
681,681,3,1,9,17,181,software
682,682,4,23,9,20,181,financial
683,683,13,10,7,3,112,software
684,684,15,23,4,9,220,retail
685,685,14,26,3,21,193,realestate
686,686,19,9,9,0,103,retail
687,687,16,15,2,27,152,software
688,688,7,16,2,22,167,retail
689,689,5,9,8,20,114,pharmaceutical
690,690,16,3,3,25,160,software
691,691,17,12,5,18,199,software
692,692,17,6,5,16,197,education
693,693,18,17,0,23,87,software
694,694,7,4,6,15,145,retail
695,695,1,23,8,2,220,pharmaceutical
696,696,16,26,9,7,151,financial
697,697,18,3,7,11,97,education
698,698,11,13,3,10,99,pharmaceutical
699,699,12,28,8,12,100,education
700,700,6,0,6,8,45,software
701,701,1,6,9,15,180,financial
702,702,18,10,1,14,53,education
703,703,11,24,5,19,108,retail
704,704,12,10,2,10,106,pharmaceutical
705,705,14,13,0,26,198,pharmaceutical
706,706,3,16,5,25,185,realestate
707,707,12,10,6,22,107,education
708,708,4,21,9,13,147,software
709,709,3,27,2,8,195,financial
710,710,19,18,4,5,92,realestate
711,711,13,6,5,16,113,realestate
712,712,9,27,8,25,81,realestate
713,713,9,28,4,25,47,software
714,714,5,20,3,20,109,education
715,715,10,1,1,1,104,software
716,716,6,29,0,28,78,realestate
717,717,14,10,4,3,197,financial
718,718,1,3,8,27,157,retail
719,719,15,24,5,21,185,financial
720,720,0,18,0,2,120,retail
721,721,19,24,7,11,84,financial
722,722,16,13,8,2,155,software
723,723,9,14,0,19,44,software
724,724,10,16,4,22,158,retail
725,725,9,28,2,19,44,software
726,726,18,6,0,18,72,pharmaceutical
727,727,8,1,4,24,168,realestate
728,728,6,1,5,7,68,realestate
729,729,8,1,6,8,179,pharmaceutical
730,730,5,0,0,11,106,financial
731,731,11,14,8,2,104,pharmaceutical
732,732,18,23,9,28,55,realestate
733,733,0,6,4,26,121,realestate
734,734,18,18,2,23,99,software
735,735,17,7,8,28,188,pharmaceutical
736,736,6,25,3,21,65,software
737,737,8,7,7,13,119,financial
738,738,14,22,5,29,180,education
739,739,4,5,0,1,172,realestate
740,740,16,15,0,24,153,software
741,741,13,29,7,5,143,realestate
742,742,10,7,2,8,122,pharmaceutical
743,743,19,10,8,3,101,financial
744,744,10,25,9,3,142,financial
745,745,12,18,8,27,104,software
746,746,1,4,8,14,155,education
747,747,12,14,9,11,107,realestate
748,748,16,28,9,16,149,retail
749,749,12,19,2,0,91,retail
750,750,11,28,1,3,92,realestate
751,751,5,18,5,28,109,financial
752,752,15,15,5,22,207,financial
753,753,18,11,3,16,73,education
754,754,7,8,4,22,138,education
755,755,5,17,8,4,99,education
756,756,10,24,2,26,130,financial
757,757,19,19,4,1,74,realestate
758,758,14,22,1,9,194,financial
759,759,15,12,0,2,205,realestate
760,760,7,17,5,8,154,realestate
761,761,10,6,9,25,113,education
762,762,0,2,0,5,122,retail
763,763,6,4,8,19,58,retail
764,764,10,29,2,21,104,software
765,765,10,1,4,25,157,realestate
766,766,4,19,0,12,177,financial
767,767,3,23,4,21,186,education
768,768,14,18,5,1,188,realestate
769,769,19,19,1,3,113,retail
770,770,7,23,1,8,129,software
771,771,9,14,6,16,64,pharmaceutical
772,772,18,23,8,28,73,retail
773,773,0,20,8,22,121,realestate
774,774,5,2,8,20,139,retail
775,775,16,22,8,21,149,financial
776,776,12,1,8,18,100,education
777,777,16,0,3,20,161,realestate
778,778,15,11,5,2,203,education
779,779,2,22,5,4,207,pharmaceutical
780,780,8,26,1,29,144,realestate
781,781,15,10,3,21,186,software
782,782,14,14,0,11,188,realestate
783,783,13,17,6,0,96,financial
784,784,11,0,0,20,106,pharmaceutical
785,785,1,2,8,8,191,education
786,786,15,28,7,7,196,software
787,787,1,14,3,17,182,software
788,788,7,7,6,13,145,retail
789,789,0,22,0,24,121,education
790,790,17,4,8,13,194,pharmaceutical
791,791,6,27,2,22,73,realestate
792,792,18,9,6,8,55,financial
793,793,6,22,4,17,52,financial
794,794,19,19,1,24,114,pharmaceutical
795,795,2,1,3,23,201,retail
796,796,12,18,4,25,89,realestate
797,797,8,12,6,13,122,pharmaceutical
798,798,13,18,1,7,112,retail
799,799,11,16,2,16,111,software
800,800,2,4,3,27,215,realestate
801,801,9,3,9,3,63,software
802,802,17,3,3,16,186,pharmaceutical
803,803,16,6,9,18,162,education
804,804,10,29,6,0,123,financial
805,805,3,19,9,29,174,pharmaceutical
806,806,9,21,0,29,98,realestate
807,807,10,20,3,14,110,retail
808,808,14,9,0,21,195,software
809,809,10,24,4,28,145,education
810,810,0,16,4,14,122,software
811,811,5,4,9,3,127,education
812,812,15,6,9,11,195,realestate
813,813,5,16,6,8,107,realestate
814,814,11,13,3,0,93,retail
815,815,1,5,3,4,208,education
816,816,12,19,0,8,80,realestate
817,817,13,23,5,3,130,realestate
818,818,17,25,6,20,188,software
819,819,11,28,8,29,98,retail
820,820,11,24,8,16,97,financial
821,821,15,18,1,28,196,realestate
822,822,6,2,5,15,48,retail
823,823,9,11,8,17,49,pharmaceutical
824,824,8,26,3,20,205,realestate
825,825,5,17,9,23,126,realestate
826,826,3,4,5,23,165,retail
827,827,11,6,1,11,134,pharmaceutical
828,828,14,9,9,11,193,software
829,829,14,6,3,6,186,retail
830,830,2,16,2,22,209,pharmaceutical
831,831,15,16,8,17,200,pharmaceutical
832,832,5,24,3,16,92,education
833,833,12,0,0,28,101,education
834,834,17,6,9,12,190,pharmaceutical
835,835,4,0,0,15,156,education
836,836,7,14,2,9,139,software
837,837,11,7,7,24,104,education
838,838,4,12,2,27,157,software
839,839,18,28,2,14,89,education
840,840,12,2,0,22,108,software
841,841,0,28,2,6,123,software
842,842,16,11,4,4,149,financial
843,843,3,7,1,13,207,retail
844,844,9,10,6,3,72,financial
845,845,4,17,3,23,150,education
846,846,8,15,3,19,149,realestate
847,847,3,10,8,27,198,financial
848,848,14,15,9,4,185,education
849,849,7,12,6,11,148,retail
850,850,19,9,2,29,71,software
851,851,10,13,4,9,109,software
852,852,11,17,5,13,103,software
853,853,17,0,7,5,187,software
854,854,13,5,4,25,116,realestate
855,855,19,18,9,29,107,realestate
856,856,12,14,9,2,102,pharmaceutical
857,857,12,17,8,9,105,pharmaceutical
858,858,11,22,4,8,103,education
859,859,3,15,2,19,166,realestate
860,860,1,8,0,24,193,realestate
861,861,11,28,5,20,101,software
862,862,9,3,3,0,75,financial
863,863,4,8,6,18,134,retail
864,864,0,5,5,29,122,retail
865,865,15,9,6,1,196,realestate
866,866,7,5,0,8,161,software
867,867,17,27,7,8,191,retail
868,868,11,20,9,26,101,financial
869,869,12,5,0,29,92,pharmaceutical
870,870,3,11,1,8,165,retail
871,871,17,5,1,5,183,education
872,872,14,28,9,21,195,education
873,873,8,10,4,15,154,realestate
874,874,14,6,7,5,179,realestate
875,875,8,25,2,19,124,financial
876,876,10,4,0,20,133,pharmaceutical
877,877,4,29,2,13,165,realestate
878,878,3,24,1,29,177,realestate
879,879,4,13,9,13,144,financial
880,880,13,25,8,2,131,retail
881,881,8,12,2,26,157,software
882,882,9,1,9,4,82,retail
883,883,11,19,8,27,126,pharmaceutical
884,884,10,2,3,17,127,education
885,885,9,21,2,1,51,pharmaceutical
886,886,2,29,8,18,209,pharmaceutical
887,887,6,4,7,9,80,education
888,888,14,22,6,20,182,software
889,889,13,12,4,18,87,pharmaceutical
890,890,7,15,4,5,159,pharmaceutical
891,891,4,20,7,16,161,retail
892,892,16,15,9,21,162,retail
893,893,0,20,0,9,119,financial
894,894,16,6,7,25,158,retail
895,895,15,3,4,18,216,retail
896,896,13,15,8,3,99,software
897,897,14,20,1,8,178,pharmaceutical
898,898,10,24,4,22,157,software
899,899,8,26,1,13,138,pharmaceutical
900,900,8,27,7,8,115,software
901,901,1,13,6,15,197,financial
902,902,10,22,5,13,120,realestate
903,903,5,24,4,5,137,financial
904,904,17,18,0,12,195,education
905,905,17,8,7,29,188,realestate
906,906,6,25,1,24,42,realestate
907,907,10,28,6,8,98,financial
908,908,2,5,8,17,211,retail
909,909,18,17,5,11,91,education
910,910,14,3,1,18,184,financial
911,911,16,9,5,20,151,retail
912,912,6,24,7,20,57,financial
913,913,18,22,6,24,65,software
914,914,18,9,7,10,103,software
915,915,12,1,2,13,90,realestate
916,916,2,9,6,21,210,education
917,917,13,14,4,3,133,software
918,918,0,19,6,25,121,pharmaceutical
919,919,17,11,0,23,185,software
920,920,2,13,3,20,218,education
921,921,2,4,5,18,204,retail
922,922,1,29,7,26,174,retail
923,923,14,11,2,14,194,pharmaceutical
924,924,9,19,4,7,80,education
925,925,12,14,6,11,108,education
926,926,5,16,5,13,135,realestate
927,927,2,1,8,25,210,software
928,928,6,9,0,12,74,pharmaceutical
929,929,1,8,1,19,203,financial
930,930,14,8,5,21,194,education
931,931,0,7,9,8,119,financial
932,932,11,0,4,2,104,software
933,933,12,28,9,27,104,retail
934,934,18,28,5,5,77,retail
935,935,3,27,3,12,179,pharmaceutical
936,936,4,23,7,23,182,software
937,937,19,26,0,4,113,education
938,938,13,2,1,18,133,realestate
939,939,12,14,1,3,91,education
940,940,4,1,2,11,174,education
941,941,6,25,1,15,59,software
942,942,7,8,4,1,130,software
943,943,19,22,6,20,111,pharmaceutical
944,944,12,15,1,17,106,software
945,945,7,28,8,1,138,retail
946,946,15,5,5,15,192,realestate
947,947,5,0,0,8,118,retail
948,948,9,26,0,8,87,education
949,949,19,20,1,12,106,retail
950,950,1,24,9,0,190,retail
951,951,7,1,1,10,142,realestate
952,952,8,17,2,22,167,financial
953,953,6,15,8,20,80,pharmaceutical
954,954,19,22,1,29,87,realestate
955,955,0,29,1,21,121,retail
956,956,10,14,2,6,101,software
957,957,13,21,7,23,106,financial
958,958,18,5,1,29,97,retail
959,959,14,26,5,26,182,financial
960,960,7,22,3,15,160,pharmaceutical
961,961,9,0,7,20,93,software
962,962,16,8,8,15,151,financial
963,963,2,19,5,4,214,pharmaceutical
964,964,19,19,2,24,85,pharmaceutical
965,965,10,24,9,4,120,software
966,966,9,29,4,9,100,pharmaceutical
967,967,2,22,7,6,219,education
968,968,7,6,9,17,142,software
969,969,2,4,8,7,217,software
970,970,3,13,9,3,213,education
971,971,7,5,6,24,167,realestate
972,972,13,4,5,7,115,education
973,973,16,5,4,7,147,financial
974,974,8,10,3,9,117,education
975,975,9,26,6,7,51,pharmaceutical
976,976,12,2,5,1,86,financial
977,977,18,23,9,2,80,pharmaceutical
978,978,4,18,3,15,150,financial
979,979,9,0,3,13,96,retail
980,980,16,10,1,19,152,education
981,981,11,2,7,8,114,realestate
982,982,4,28,9,4,160,retail
983,983,5,23,2,4,117,education
984,984,13,25,0,17,125,education
985,985,14,24,8,25,189,pharmaceutical
986,986,13,2,7,1,91,pharmaceutical
987,987,6,24,2,26,53,realestate
988,988,12,6,1,27,101,retail
989,989,8,0,2,28,114,retail
990,990,13,1,4,12,93,education
991,991,19,10,2,29,108,pharmaceutical
992,992,14,10,2,10,188,retail
993,993,8,2,4,18,203,education
994,994,12,29,6,12,106,pharmaceutical
995,995,13,16,3,9,135,financial
996,996,1,28,7,25,181,software
997,997,10,26,0,21,159,realestate
998,998,13,18,2,15,86,realestate
999,999,4,4,8,15,179,realestate
1000,1000,14,4,0,6,180,software
1001,1001,6,29,3,23,68,pharmaceutical
1002,1002,3,17,8,28,167,financial
1003,1003,5,13,0,7,129,software
1004,1004,1,8,9,4,167,software
1005,1005,15,2,5,11,198,realestate
1006,1006,11,18,0,28,113,pharmaceutical
1007,1007,14,12,1,23,184,realestate
1008,1008,8,18,0,6,166,education
1009,1009,8,21,4,8,125,software
1010,1010,15,15,3,4,215,realestate
1011,1011,16,23,3,11,155,pharmaceutical
1012,1012,19,23,1,6,82,pharmaceutical
1013,1013,10,21,9,15,146,education
1014,1014,1,14,0,0,188,software
1015,1015,8,23,7,13,192,retail
1016,1016,16,20,0,1,153,pharmaceutical
1017,1017,12,4,4,17,84,retail
1018,1018,0,16,5,15,122,realestate
1019,1019,1,8,4,18,182,retail
1020,1020,7,5,8,11,166,education
1021,1021,0,4,9,21,119,realestate
1022,1022,0,9,8,8,120,software
1023,1023,9,12,5,13,91,realestate
1024,1024,17,22,8,29,186,financial
1025,1025,12,1,0,14,106,retail
1026,1026,17,21,7,13,200,pharmaceutical
1027,1027,2,1,2,19,202,software
1028,1028,6,15,1,20,65,software
1029,1029,10,24,5,26,153,realestate
1030,1030,16,18,9,6,147,software
1031,1031,8,18,0,2,165,retail
1032,1032,10,19,3,26,123,financial
1033,1033,15,9,0,8,216,realestate
1034,1034,18,4,5,26,100,retail
1035,1035,6,13,1,7,66,pharmaceutical
1036,1036,16,27,3,14,151,realestate
1037,1037,16,24,3,12,161,pharmaceutical
1038,1038,2,1,1,21,208,retail
1039,1039,10,8,6,0,155,retail
1040,1040,6,19,4,8,65,software
1041,1041,7,17,2,6,167,realestate
1042,1042,3,8,6,13,196,realestate
1043,1043,19,22,2,28,106,software
1044,1044,5,15,2,0,120,retail
1045,1045,16,12,7,8,148,financial
1046,1046,16,9,7,16,156,retail
1047,1047,2,4,6,9,206,realestate
1048,1048,18,12,5,24,88,education
1049,1049,9,17,0,14,77,retail
1050,1050,7,2,1,4,167,financial
1051,1051,4,17,2,26,185,financial
1052,1052,6,6,6,3,46,retail
1053,1053,3,24,8,1,190,education
1054,1054,5,9,0,22,115,financial
1055,1055,19,17,9,6,108,software
1056,1056,3,15,8,6,188,retail
1057,1057,0,13,3,29,120,financial
1058,1058,8,21,1,2,176,realestate
1059,1059,15,9,0,29,194,software
1060,1060,15,27,2,25,201,financial
1061,1061,18,5,6,23,90,financial
1062,1062,0,29,8,27,119,realestate
1063,1063,5,6,8,21,107,education
1064,1064,10,9,4,19,100,financial
1065,1065,18,23,0,9,99,financial
1066,1066,3,18,7,5,212,software
1067,1067,0,11,8,0,122,realestate
1068,1068,17,8,1,16,187,software
1069,1069,14,26,9,13,199,software
1070,1070,19,0,7,15,112,education
1071,1071,9,22,5,4,45,software
1072,1072,18,18,4,25,72,financial
1073,1073,4,11,0,22,154,financial
1074,1074,14,26,9,2,180,software
1075,1075,17,24,8,1,199,retail
1076,1076,15,15,2,0,200,retail
1077,1077,17,10,1,0,202,education
1078,1078,17,26,7,25,187,realestate
1079,1079,12,4,8,5,89,pharmaceutical
1080,1080,6,4,6,14,43,realestate
1081,1081,2,16,3,23,205,realestate
1082,1082,11,12,5,7,113,software
1083,1083,0,18,3,5,123,pharmaceutical
1084,1084,11,4,1,8,124,software
1085,1085,6,2,3,0,78,software
1086,1086,14,16,1,17,195,retail
1087,1087,15,1,5,1,211,pharmaceutical
1088,1088,4,24,9,0,184,financial
1089,1089,0,0,9,15,122,financial
1090,1090,12,29,5,13,91,financial
1091,1091,19,22,7,10,75,software
1092,1092,11,22,8,25,101,education
1093,1093,8,0,7,23,203,education
1094,1094,7,4,8,27,149,realestate
1095,1095,1,0,2,19,175,retail
1096,1096,18,1,6,19,76,retail
1097,1097,6,11,6,25,47,realestate
1098,1098,10,7,9,11,130,education
1099,1099,18,12,2,23,52,education
1100,1100,18,24,7,21,54,financial
1101,1101,6,7,0,18,60,financial
1102,1102,13,3,7,12,135,software
1103,1103,18,17,4,17,76,software
1104,1104,18,12,3,8,93,financial
1105,1105,16,6,7,0,153,financial
1106,1106,0,25,0,19,120,education
1107,1107,14,18,1,4,199,pharmaceutical
1108,1108,5,21,9,19,138,pharmaceutical
1109,1109,16,22,3,1,147,education
1110,1110,16,0,6,14,162,software
1111,1111,18,11,2,23,98,education
1112,1112,7,9,5,25,137,software
1113,1113,14,14,1,29,184,software
1114,1114,0,24,0,25,119,pharmaceutical
1115,1115,16,1,7,6,152,financial
1116,1116,4,25,3,6,173,retail
1117,1117,8,28,5,26,160,education
1118,1118,18,21,8,6,51,software
1119,1119,3,20,6,10,184,financial
1120,1120,13,19,5,5,128,financial
1121,1121,12,29,3,18,108,realestate
1122,1122,1,27,5,15,181,software
1123,1123,15,29,5,18,181,realestate
1124,1124,5,14,3,28,108,pharmaceutical
1125,1125,2,10,1,2,217,retail
1126,1126,15,7,2,0,202,pharmaceutical
1127,1127,14,17,2,18,189,retail
1128,1128,11,4,5,0,115,pharmaceutical
1129,1129,11,19,1,16,99,financial
1130,1130,5,9,0,7,134,education
1131,1131,5,11,3,15,135,financial
1132,1132,17,21,9,10,183,realestate
1133,1133,4,22,6,11,153,realestate
1134,1134,19,23,3,25,79,education
1135,1135,15,16,4,0,219,realestate
1136,1136,16,17,2,17,150,software
1137,1137,14,22,2,23,191,education
1138,1138,18,5,3,9,62,software
1139,1139,15,22,1,20,198,software
1140,1140,19,2,7,14,102,pharmaceutical
1141,1141,10,27,7,11,95,retail
1142,1142,1,6,8,1,165,software
1143,1143,15,10,7,20,196,financial
1144,1144,0,7,6,20,123,pharmaceutical
1145,1145,13,11,0,24,106,realestate
1146,1146,9,19,3,5,102,education
1147,1147,4,21,1,24,157,financial
1148,1148,14,8,8,0,180,financial
1149,1149,7,27,8,6,132,realestate
1150,1150,12,18,2,2,93,software
1151,1151,13,22,6,19,90,retail
1152,1152,9,3,0,11,76,pharmaceutical
1153,1153,5,8,4,18,107,education
1154,1154,13,27,1,12,135,software
1155,1155,5,27,6,9,129,education
1156,1156,4,10,5,1,168,financial
1157,1157,9,12,9,12,97,financial
1158,1158,18,18,6,2,68,software
1159,1159,2,17,3,15,205,realestate
1160,1160,8,19,2,29,167,education
1161,1161,5,20,1,14,92,education
1162,1162,13,13,2,15,107,retail
1163,1163,19,22,8,28,98,retail
1164,1164,6,13,5,26,79,retail
1165,1165,16,22,6,25,157,realestate
1166,1166,15,3,4,5,210,pharmaceutical
1167,1167,6,19,1,24,72,retail
1168,1168,15,24,9,18,219,retail
1169,1169,2,19,5,11,199,education
1170,1170,0,8,1,22,122,realestate
1171,1171,7,8,2,13,124,retail
1172,1172,5,4,4,14,122,financial
1173,1173,10,18,6,12,91,financial
1174,1174,0,19,4,7,121,realestate
1175,1175,9,3,9,6,44,realestate
1176,1176,10,17,2,23,156,financial
1177,1177,19,2,0,21,79,education
1178,1178,18,19,0,10,57,financial
1179,1179,13,24,8,19,104,software
1180,1180,5,22,4,3,136,financial
1181,1181,12,10,8,0,88,realestate
1182,1182,10,8,1,13,131,financial
1183,1183,19,4,5,20,72,financial
1184,1184,4,14,1,4,144,realestate
1185,1185,1,24,8,25,204,financial
1186,1186,13,18,2,16,106,software
1187,1187,13,0,2,28,130,retail
1188,1188,17,12,6,18,190,software
1189,1189,0,5,3,6,120,financial
1190,1190,14,15,0,15,189,software
1191,1191,19,16,3,12,102,financial
1192,1192,17,29,9,8,183,financial
1193,1193,4,28,7,6,193,realestate
1194,1194,1,5,3,23,192,software
1195,1195,4,26,0,15,151,financial
1196,1196,7,14,5,1,150,retail
1197,1197,9,8,6,20,72,education
1198,1198,4,10,1,24,146,software
1199,1199,4,10,9,19,147,education
1200,1200,11,22,6,17,98,pharmaceutical
1201,1201,12,17,1,27,91,retail
1202,1202,13,21,0,2,89,financial
1203,1203,11,19,6,4,110,realestate
1204,1204,2,15,2,19,216,education
1205,1205,2,17,2,29,208,retail
1206,1206,6,7,7,19,77,retail
1207,1207,3,5,4,12,208,retail
1208,1208,11,6,7,4,94,retail
1209,1209,8,27,0,11,173,education
1210,1210,8,27,4,0,126,financial
1211,1211,6,23,8,3,59,pharmaceutical
1212,1212,12,2,7,24,82,realestate
1213,1213,14,9,9,12,199,retail
1214,1214,11,24,3,12,93,software
1215,1215,14,9,7,18,181,pharmaceutical
1216,1216,7,5,2,24,158,pharmaceutical
1217,1217,18,29,7,5,51,retail
1218,1218,12,14,3,3,92,software
1219,1219,2,0,3,23,213,financial
1220,1220,8,12,4,25,119,retail
1221,1221,12,19,2,6,98,education
1222,1222,10,4,3,17,90,financial
1223,1223,14,9,6,10,197,retail
1224,1224,3,0,7,11,202,pharmaceutical
1225,1225,0,8,8,11,121,pharmaceutical
1226,1226,11,23,9,1,113,education
1227,1227,19,18,2,24,77,software
1228,1228,2,4,1,16,209,education
1229,1229,12,5,6,26,95,realestate
1230,1230,2,3,6,19,213,education
1231,1231,14,18,1,6,181,pharmaceutical
1232,1232,1,26,0,8,168,pharmaceutical
1233,1233,0,6,7,0,123,financial
1234,1234,1,0,5,8,208,retail
1235,1235,14,28,5,8,180,retail
1236,1236,4,20,9,0,182,pharmaceutical
1237,1237,11,7,5,7,97,education
1238,1238,13,9,9,15,103,software
1239,1239,12,27,2,10,105,software
1240,1240,14,28,9,5,193,software
1241,1241,1,14,2,14,205,software
1242,1242,11,16,3,11,129,financial
1243,1243,7,9,0,17,166,retail
1244,1244,16,25,5,24,159,retail
1245,1245,3,25,3,27,166,education
1246,1246,3,9,8,13,210,education
1247,1247,11,25,7,19,114,pharmaceutical
1248,1248,16,11,7,0,157,education
1249,1249,11,25,8,25,125,retail
1250,1250,8,6,0,0,173,education
1251,1251,4,3,1,18,148,software
1252,1252,4,18,6,15,157,financial
1253,1253,13,20,4,14,138,pharmaceutical
1254,1254,9,24,6,23,64,software
1255,1255,7,27,5,18,163,pharmaceutical
1256,1256,0,3,1,11,121,realestate
1257,1257,14,15,0,17,186,education
1258,1258,11,9,4,13,113,pharmaceutical
1259,1259,16,2,1,2,162,software
1260,1260,13,16,9,0,140,financial
1261,1261,4,28,4,6,190,retail
1262,1262,5,16,3,13,117,realestate
1263,1263,6,5,5,29,81,education
1264,1264,16,14,6,0,158,financial
1265,1265,3,20,2,14,172,realestate
1266,1266,1,17,2,28,200,education
1267,1267,1,0,1,4,214,software
1268,1268,9,5,4,20,50,education
1269,1269,4,27,5,0,169,education
1270,1270,14,28,5,4,188,education
1271,1271,2,9,4,26,210,education
1272,1272,16,20,1,0,158,financial
1273,1273,8,25,8,24,207,realestate
1274,1274,14,3,7,14,195,realestate
1275,1275,17,12,5,22,184,education
1276,1276,10,14,8,29,107,software
1277,1277,8,2,3,15,189,retail
1278,1278,14,20,9,23,192,education
1279,1279,0,10,4,26,120,software
1280,1280,14,8,5,5,187,retail
1281,1281,16,16,3,5,154,education
1282,1282,13,14,3,0,100,software
1283,1283,16,20,2,4,159,realestate
1284,1284,7,7,4,8,150,software
1285,1285,10,4,3,27,125,retail
1286,1286,9,1,5,24,100,pharmaceutical
1287,1287,14,4,4,2,187,realestate
1288,1288,2,1,0,1,217,pharmaceutical
1289,1289,8,29,0,27,137,financial
1290,1290,18,29,0,10,78,software
1291,1291,12,16,5,28,96,pharmaceutical
1292,1292,14,12,3,10,192,retail
1293,1293,18,12,9,5,74,realestate
1294,1294,12,6,1,14,105,financial
1295,1295,1,6,5,18,158,pharmaceutical
1296,1296,16,29,7,1,155,software
1297,1297,3,21,2,8,184,pharmaceutical
1298,1298,1,22,7,26,167,realestate
1299,1299,15,27,2,25,191,realestate
1300,1300,1,24,5,18,196,realestate
1301,1301,3,28,0,24,171,financial
1302,1302,1,2,2,3,184,financial
1303,1303,11,7,3,6,130,software
1304,1304,15,9,1,18,210,retail
1305,1305,3,17,1,20,215,education
1306,1306,17,19,3,29,191,pharmaceutical
1307,1307,8,7,3,3,186,realestate
1308,1308,7,24,0,10,145,education
1309,1309,4,12,4,16,153,realestate
1310,1310,7,26,0,5,155,retail
1311,1311,14,23,1,26,185,education
1312,1312,10,6,4,7,126,financial
1313,1313,13,6,1,20,140,retail
1314,1314,8,24,3,20,120,education
1315,1315,13,7,6,7,132,software
1316,1316,19,8,9,13,106,financial
1317,1317,8,13,8,28,116,financial
1318,1318,17,0,6,18,184,education
1319,1319,11,4,1,6,138,education
1320,1320,17,16,1,13,203,pharmaceutical
1321,1321,12,10,4,10,82,financial
1322,1322,3,1,5,1,177,financial
1323,1323,6,23,4,25,64,software
1324,1324,9,10,9,19,76,pharmaceutical
1325,1325,14,6,5,11,181,software
1326,1326,9,4,7,29,98,pharmaceutical
1327,1327,11,12,0,10,110,retail
1328,1328,2,6,8,10,218,pharmaceutical
1329,1329,2,21,2,12,209,financial
1330,1330,16,13,5,29,149,realestate
1331,1331,16,11,6,22,148,realestate
1332,1332,14,17,9,9,188,pharmaceutical
1333,1333,5,8,6,28,112,education
1334,1334,2,6,0,23,204,retail
1335,1335,13,3,0,16,116,software
1336,1336,5,10,4,17,96,software
1337,1337,13,0,6,19,109,pharmaceutical
1338,1338,2,18,8,18,199,pharmaceutical
1339,1339,15,14,3,2,214,software
1340,1340,18,25,2,12,62,realestate
1341,1341,16,12,0,12,151,education
1342,1342,4,26,6,23,172,financial
1343,1343,13,21,2,11,138,retail
1344,1344,10,11,3,6,155,software
1345,1345,2,14,9,19,200,pharmaceutical
1346,1346,16,23,6,24,152,software
1347,1347,12,4,5,8,80,pharmaceutical
1348,1348,13,16,1,16,86,software
1349,1349,18,24,1,14,57,realestate
1350,1350,1,2,3,28,197,education
1351,1351,1,12,5,14,167,financial
1352,1352,15,12,8,18,213,education
1353,1353,1,22,3,14,222,retail
1354,1354,3,8,2,7,213,pharmaceutical
1355,1355,18,23,7,2,91,realestate
1356,1356,0,29,8,20,121,retail
1357,1357,15,21,6,24,182,financial
1358,1358,11,19,7,9,115,software
1359,1359,12,2,0,27,101,realestate
1360,1360,16,7,4,6,161,financial
1361,1361,15,28,6,17,200,education
1362,1362,19,7,9,5,77,software
1363,1363,5,28,7,24,107,retail
1364,1364,10,4,2,23,92,realestate
1365,1365,5,18,6,5,105,software
1366,1366,2,10,7,25,204,education
1367,1367,2,8,5,8,218,retail
1368,1368,9,20,1,25,73,pharmaceutical
1369,1369,14,29,1,23,195,education
1370,1370,6,21,2,24,71,education
1371,1371,18,15,0,26,89,software
1372,1372,1,27,9,8,155,pharmaceutical
1373,1373,0,10,0,27,123,realestate
1374,1374,16,12,8,20,149,realestate
1375,1375,0,8,6,4,123,software
1376,1376,0,11,9,12,123,retail
1377,1377,4,6,1,16,149,financial
1378,1378,14,18,7,19,184,education
1379,1379,19,7,0,27,107,software
1380,1380,17,7,5,21,190,financial
1381,1381,10,16,3,8,99,retail
1382,1382,8,20,6,24,178,financial
1383,1383,10,18,4,8,146,financial
1384,1384,2,18,3,16,203,realestate
1385,1385,3,27,9,5,187,financial
1386,1386,2,8,7,10,217,pharmaceutical
1387,1387,13,5,9,8,103,software
1388,1388,13,15,2,11,92,realestate
1389,1389,14,15,6,27,183,pharmaceutical
1390,1390,18,10,2,25,86,pharmaceutical
1391,1391,15,3,9,2,198,software
1392,1392,4,23,6,4,179,realestate
1393,1393,2,2,4,19,218,financial
1394,1394,17,12,5,0,196,realestate
1395,1395,5,9,5,22,115,software
1396,1396,2,0,5,19,206,financial
1397,1397,0,20,6,11,119,retail
1398,1398,19,21,8,23,111,retail
1399,1399,11,4,4,16,116,financial
1400,1400,8,29,9,28,165,software
1401,1401,10,16,4,5,124,education
1402,1402,4,22,5,3,148,retail
1403,1403,13,27,4,2,145,software
1404,1404,2,12,7,29,202,software
1405,1405,7,22,9,13,123,retail
1406,1406,7,7,6,21,119,pharmaceutical
1407,1407,5,4,0,26,134,education
1408,1408,7,26,5,6,141,realestate
1409,1409,13,27,8,29,138,pharmaceutical
1410,1410,18,13,0,28,58,financial
1411,1411,5,13,5,3,112,education
1412,1412,14,11,7,29,197,financial
1413,1413,10,4,1,28,145,realestate
1414,1414,16,17,1,1,160,software
1415,1415,1,18,4,0,234,realestate
1416,1416,9,22,5,5,84,education
1417,1417,7,5,2,6,148,realestate
1418,1418,19,3,2,26,99,realestate
1419,1419,15,28,1,6,199,education
1420,1420,17,21,4,27,193,retail
1421,1421,19,12,5,21,91,pharmaceutical
1422,1422,10,23,4,27,115,realestate
1423,1423,2,4,3,17,210,retail
1424,1424,18,13,8,14,75,financial
1425,1425,7,16,6,25,165,retail
1426,1426,11,4,5,10,115,pharmaceutical
1427,1427,8,22,1,5,205,software
1428,1428,6,2,2,10,79,realestate
1429,1429,2,7,0,14,217,realestate
1430,1430,2,19,2,27,200,realestate
1431,1431,8,15,7,22,154,financial
1432,1432,13,5,2,0,110,realestate
1433,1433,18,14,4,22,102,software
1434,1434,13,13,6,29,143,education
1435,1435,9,11,2,7,85,retail
1436,1436,19,16,9,25,100,realestate
1437,1437,6,13,9,17,62,realestate
1438,1438,13,14,2,11,137,realestate
1439,1439,3,20,4,13,198,software
1440,1440,8,18,9,10,122,financial
1441,1441,11,15,7,11,110,retail
1442,1442,3,3,3,27,180,realestate
1443,1443,0,10,6,0,123,pharmaceutical
1444,1444,1,10,2,28,224,financial
1445,1445,6,26,2,0,56,education
1446,1446,8,11,3,20,148,pharmaceutical
1447,1447,17,17,0,14,185,retail
1448,1448,1,6,6,6,176,financial
1449,1449,3,12,3,14,166,financial
1450,1450,18,13,0,3,67,retail
1451,1451,18,20,2,20,68,financial
1452,1452,0,23,4,17,121,realestate
1453,1453,6,29,2,4,69,education
1454,1454,15,3,5,9,196,education
1455,1455,3,7,1,22,185,realestate
1456,1456,16,7,2,23,156,software
1457,1457,18,6,5,10,68,pharmaceutical
1458,1458,16,3,8,2,154,education
1459,1459,19,19,7,8,98,education
1460,1460,6,24,7,29,83,retail
1461,1461,18,4,4,12,89,retail
1462,1462,16,2,1,18,156,education
1463,1463,13,29,6,16,89,pharmaceutical
1464,1464,0,27,4,9,120,retail
1465,1465,12,9,3,2,78,realestate
1466,1466,16,22,5,13,162,retail
1467,1467,14,2,9,27,199,pharmaceutical
1468,1468,12,2,1,15,96,financial
1469,1469,1,8,1,19,157,realestate
1470,1470,14,22,3,28,183,education
1471,1471,13,26,2,29,140,retail
1472,1472,5,7,9,17,126,pharmaceutical
1473,1473,1,26,7,19,210,pharmaceutical
1474,1474,1,27,9,10,160,realestate
1475,1475,8,15,0,1,121,pharmaceutical
1476,1476,6,11,5,9,74,software
1477,1477,7,7,1,18,138,financial
1478,1478,16,5,5,22,155,pharmaceutical
1479,1479,15,28,6,23,201,pharmaceutical
1480,1480,4,4,2,17,184,financial
1481,1481,1,24,6,29,171,pharmaceutical
1482,1482,8,2,5,26,160,retail
1483,1483,0,18,0,14,121,realestate
1484,1484,10,9,7,11,105,financial
1485,1485,2,20,9,2,203,software
1486,1486,13,10,7,21,106,education
1487,1487,16,16,5,7,161,education
1488,1488,8,12,9,13,199,education
1489,1489,4,19,3,4,161,financial
1490,1490,17,3,4,21,189,financial
1491,1491,14,22,3,12,190,education
1492,1492,17,26,6,9,197,financial
1493,1493,14,26,2,14,186,pharmaceutical
1494,1494,7,17,0,25,121,retail
1495,1495,9,16,0,29,103,education
1496,1496,1,28,6,4,193,education
1497,1497,6,26,1,23,77,software
1498,1498,18,10,0,23,77,pharmaceutical
1499,1499,7,26,9,28,154,financial
1500,1500,7,5,7,24,159,education
1501,1501,19,4,1,27,88,software
1502,1502,2,20,2,27,216,education
1503,1503,1,28,0,0,192,pharmaceutical
1504,1504,17,25,8,25,200,financial
1505,1505,11,21,1,12,134,realestate
1506,1506,9,23,9,25,61,pharmaceutical
1507,1507,9,11,2,29,96,software
1508,1508,9,21,2,8,104,software
1509,1509,17,19,2,6,201,education
1510,1510,12,4,1,22,100,software
1511,1511,16,19,8,10,159,retail
1512,1512,4,8,2,23,168,retail
1513,1513,12,13,4,0,91,realestate
1514,1514,5,15,1,2,94,pharmaceutical
1515,1515,17,4,8,27,194,education
1516,1516,14,12,1,23,181,education
1517,1517,15,20,9,12,184,pharmaceutical
1518,1518,16,10,2,22,156,retail
1519,1519,7,23,3,18,148,software
1520,1520,5,7,3,9,115,pharmaceutical
1521,1521,16,3,3,26,160,retail
1522,1522,17,26,2,12,203,financial
1523,1523,3,20,6,9,189,retail
1524,1524,5,2,2,11,121,education
1525,1525,7,4,1,25,144,software
1526,1526,17,26,6,29,192,education
1527,1527,14,14,2,6,179,pharmaceutical
1528,1528,9,15,9,25,63,financial
1529,1529,19,7,1,20,102,pharmaceutical
1530,1530,10,19,2,29,151,financial
1531,1531,0,21,5,23,122,retail
1532,1532,18,24,2,29,102,software
1533,1533,17,16,6,23,200,software
1534,1534,13,20,5,3,143,realestate
1535,1535,1,29,2,8,158,realestate
1536,1536,12,28,5,0,104,education
1537,1537,2,4,0,0,206,education
1538,1538,3,2,3,26,212,financial
1539,1539,8,20,0,25,154,education
1540,1540,14,25,7,6,196,financial
1541,1541,4,13,2,15,162,realestate
1542,1542,8,15,3,28,181,pharmaceutical
1543,1543,10,0,8,17,151,education
1544,1544,1,6,8,19,235,retail
1545,1545,3,2,7,15,209,retail
1546,1546,4,22,6,6,147,pharmaceutical
1547,1547,8,29,4,29,168,education
1548,1548,1,4,3,14,171,financial
1549,1549,3,18,7,2,199,pharmaceutical
1550,1550,4,9,4,26,141,pharmaceutical
1551,1551,6,2,6,25,77,financial
1552,1552,4,6,1,26,152,software
1553,1553,1,3,3,12,229,software
1554,1554,9,4,6,13,105,education
1555,1555,8,21,9,24,166,realestate
1556,1556,16,6,0,29,152,education
1557,1557,12,25,9,3,100,software
1558,1558,8,19,1,21,129,pharmaceutical
1559,1559,11,26,7,17,125,education
1560,1560,7,12,0,10,152,education
1561,1561,11,12,9,20,115,financial
1562,1562,14,19,8,16,189,education
1563,1563,14,27,4,10,187,retail
1564,1564,10,23,2,9,143,software
1565,1565,7,22,9,16,164,education
1566,1566,19,21,1,0,74,retail
1567,1567,18,10,9,27,70,realestate
1568,1568,7,6,9,8,124,education
1569,1569,4,18,3,25,157,realestate
1570,1570,14,28,5,6,180,retail
1571,1571,5,14,3,2,135,software
1572,1572,16,19,8,28,148,software
1573,1573,19,27,7,23,86,pharmaceutical
1574,1574,12,25,1,4,106,realestate
1575,1575,10,18,4,11,125,education
1576,1576,13,14,3,25,133,education
1577,1577,13,20,2,3,113,software
1578,1578,14,11,8,2,181,education
1579,1579,5,24,9,12,115,realestate
1580,1580,7,1,0,20,152,realestate
1581,1581,0,14,2,18,123,pharmaceutical
1582,1582,9,19,1,17,103,software
1583,1583,3,29,0,28,170,software
1584,1584,12,12,9,0,102,financial
1585,1585,9,7,7,10,90,education
1586,1586,9,16,6,26,95,realestate
1587,1587,13,28,2,23,88,realestate
1588,1588,2,25,1,14,217,education
1589,1589,7,4,2,8,143,pharmaceutical
1590,1590,2,23,5,25,208,realestate
1591,1591,7,14,3,13,164,education
1592,1592,7,2,2,19,148,software
1593,1593,10,9,6,13,89,pharmaceutical
1594,1594,18,12,6,24,98,education
1595,1595,0,26,0,15,119,realestate
1596,1596,7,24,6,9,152,pharmaceutical
1597,1597,0,0,5,13,120,education
1598,1598,17,24,3,21,200,realestate
1599,1599,0,9,9,1,119,software
1600,1600,13,15,1,25,144,financial
1601,1601,19,19,4,0,102,financial
1602,1602,7,22,4,28,139,education
1603,1603,6,4,6,7,46,retail
1604,1604,13,25,7,26,118,education
1605,1605,19,14,3,11,89,software
1606,1606,16,16,9,13,162,financial
1607,1607,8,7,5,1,111,pharmaceutical
1608,1608,18,16,7,21,102,financial
1609,1609,3,3,6,11,204,realestate
1610,1610,2,20,1,28,204,realestate
1611,1611,13,9,2,1,93,financial
1612,1612,8,23,0,0,183,education
1613,1613,14,15,1,5,187,software
1614,1614,4,27,7,28,156,financial
1615,1615,19,14,3,18,89,pharmaceutical
1616,1616,5,16,4,10,100,realestate
1617,1617,0,6,3,9,120,financial
1618,1618,0,14,1,9,123,software
1619,1619,17,7,4,15,184,financial
1620,1620,13,5,0,5,143,software
1621,1621,8,13,0,2,154,software
1622,1622,9,29,9,3,49,pharmaceutical
1623,1623,12,0,4,25,93,financial
1624,1624,13,10,9,10,137,financial
1625,1625,0,7,6,21,119,financial
1626,1626,7,14,2,21,163,financial
1627,1627,14,22,0,10,182,education
1628,1628,17,9,4,6,191,retail
1629,1629,1,21,0,18,177,software
1630,1630,17,18,3,19,184,retail
1631,1631,7,12,3,23,162,realestate
1632,1632,14,6,7,14,183,education
1633,1633,5,26,6,14,95,retail
1634,1634,17,2,0,6,191,education
1635,1635,14,15,2,17,179,software
1636,1636,7,17,3,29,166,retail
1637,1637,8,23,4,9,147,pharmaceutical
1638,1638,4,25,9,0,141,retail
1639,1639,8,1,6,3,180,education
1640,1640,15,16,2,14,215,realestate
1641,1641,6,12,7,25,52,realestate
1642,1642,17,25,0,20,187,education
1643,1643,11,12,7,26,141,financial
1644,1644,12,24,5,29,89,retail
1645,1645,11,27,4,6,99,pharmaceutical
1646,1646,19,29,6,10,93,realestate
1647,1647,6,21,4,29,83,software
1648,1648,3,19,4,25,167,realestate
1649,1649,8,27,0,6,156,pharmaceutical
1650,1650,2,8,6,3,214,financial
1651,1651,4,23,0,4,144,software
1652,1652,3,4,5,23,191,retail
1653,1653,1,3,1,18,170,realestate
1654,1654,3,1,8,24,207,financial
1655,1655,8,21,2,23,113,pharmaceutical
1656,1656,18,22,7,8,99,financial
1657,1657,6,4,4,3,83,retail
1658,1658,13,14,5,24,117,pharmaceutical
1659,1659,13,0,5,23,134,financial
1660,1660,11,17,2,2,138,financial
1661,1661,6,24,5,20,57,software
1662,1662,8,10,9,14,132,pharmaceutical
1663,1663,7,20,3,12,125,financial
1664,1664,2,17,9,23,216,education
1665,1665,16,25,4,17,156,retail
1666,1666,9,28,3,23,98,realestate
1667,1667,14,25,4,9,197,education
1668,1668,18,5,9,22,61,education
1669,1669,13,11,9,29,100,education
1670,1670,12,15,6,6,84,pharmaceutical
1671,1671,10,18,1,28,147,pharmaceutical
1672,1672,4,19,3,16,185,education
1673,1673,19,17,8,24,104,financial
1674,1674,14,7,7,3,178,education
1675,1675,16,0,0,22,159,financial
1676,1676,18,25,5,11,70,education
1677,1677,5,11,0,5,138,retail
1678,1678,15,4,7,18,204,software
1679,1679,12,1,1,16,103,education
1680,1680,10,23,0,15,94,pharmaceutical
1681,1681,2,14,8,14,203,realestate
1682,1682,8,7,9,7,161,retail
1683,1683,7,17,5,15,121,realestate
1684,1684,18,21,6,29,98,financial
1685,1685,12,14,6,1,103,software
1686,1686,2,21,6,27,208,education
1687,1687,16,6,4,6,152,financial
1688,1688,1,23,7,5,175,software
1689,1689,14,19,3,28,191,realestate
1690,1690,19,10,7,7,78,retail
1691,1691,8,24,0,7,125,software
1692,1692,2,27,0,6,209,retail
1693,1693,2,22,6,19,209,realestate
1694,1694,14,6,0,13,190,education
1695,1695,8,17,9,8,200,education
1696,1696,14,28,8,4,180,financial
1697,1697,3,20,4,19,195,education
1698,1698,6,7,6,10,46,financial
1699,1699,8,25,6,22,169,retail
1700,1700,8,10,3,12,183,software
1701,1701,19,7,8,2,78,pharmaceutical
1702,1702,12,19,6,12,105,realestate
1703,1703,1,10,4,8,231,realestate
1704,1704,6,22,0,13,73,education
1705,1705,12,16,2,4,78,education
1706,1706,18,28,8,9,64,retail
1707,1707,19,18,7,18,84,financial
1708,1708,11,11,6,1,122,pharmaceutical
1709,1709,8,8,7,12,177,realestate
1710,1710,12,25,4,5,80,realestate
1711,1711,9,1,4,21,104,retail
1712,1712,11,23,3,26,104,pharmaceutical
1713,1713,11,17,2,29,110,education
1714,1714,2,26,0,10,205,software
1715,1715,1,27,0,7,186,pharmaceutical
1716,1716,11,2,1,21,109,software
1717,1717,9,17,5,21,89,pharmaceutical
1718,1718,0,12,2,9,122,software
1719,1719,17,10,3,0,195,retail
1720,1720,18,14,6,19,57,pharmaceutical
1721,1721,14,1,7,9,190,software
1722,1722,13,25,2,12,105,retail
1723,1723,0,1,1,20,122,financial
1724,1724,6,10,2,3,73,retail
1725,1725,14,29,3,3,190,education
1726,1726,12,25,9,5,86,education
1727,1727,10,3,8,26,116,realestate
1728,1728,9,10,3,5,88,pharmaceutical
1729,1729,14,15,1,4,178,retail
1730,1730,17,9,0,24,191,software
1731,1731,4,7,2,29,139,retail
1732,1732,15,21,3,8,196,financial
1733,1733,13,28,2,22,115,realestate
1734,1734,0,22,0,24,119,pharmaceutical
1735,1735,15,11,9,11,207,financial
1736,1736,4,1,1,9,155,software
1737,1737,15,6,8,11,216,financial
1738,1738,12,22,4,0,90,retail
1739,1739,4,18,0,11,168,realestate
1740,1740,7,3,2,21,144,education
1741,1741,1,23,9,11,183,retail
1742,1742,19,0,0,15,92,retail
1743,1743,8,26,2,4,181,education
1744,1744,1,26,0,21,207,pharmaceutical
1745,1745,2,14,9,3,209,retail
1746,1746,3,3,0,9,187,financial
1747,1747,7,16,3,5,144,education
1748,1748,5,18,1,8,107,pharmaceutical
1749,1749,18,22,8,17,84,software
1750,1750,0,10,4,1,119,software
1751,1751,1,6,2,13,193,retail
1752,1752,2,8,1,20,208,software
1753,1753,1,24,9,14,158,financial
1754,1754,0,6,9,5,119,realestate
1755,1755,8,26,9,4,151,software
1756,1756,3,8,8,15,173,education
1757,1757,14,2,6,9,196,realestate
1758,1758,0,18,8,26,120,realestate
1759,1759,8,21,4,2,205,pharmaceutical
1760,1760,7,12,7,27,135,financial
1761,1761,2,20,7,12,206,education
1762,1762,1,4,1,27,215,education
1763,1763,12,22,3,17,87,financial
1764,1764,0,1,5,23,123,education
1765,1765,8,7,6,10,207,retail
1766,1766,5,26,5,15,105,retail
1767,1767,10,7,8,19,88,retail
1768,1768,10,1,5,0,140,pharmaceutical
1769,1769,3,1,3,20,170,software
1770,1770,1,7,1,9,215,financial
1771,1771,12,25,0,0,102,pharmaceutical
1772,1772,18,4,3,19,51,financial
1773,1773,8,21,5,23,141,realestate
1774,1774,2,20,4,0,199,software
1775,1775,11,13,7,14,100,financial
1776,1776,13,6,8,21,97,software
1777,1777,15,27,0,11,185,education
1778,1778,15,9,1,11,183,education
1779,1779,8,28,2,14,147,financial
1780,1780,19,29,5,23,113,pharmaceutical
1781,1781,1,20,1,19,234,education
1782,1782,1,7,6,9,229,financial
1783,1783,17,15,1,19,194,retail
1784,1784,16,1,0,8,161,pharmaceutical
1785,1785,11,7,0,29,139,realestate
1786,1786,16,24,9,27,158,financial
1787,1787,16,3,3,28,160,retail
1788,1788,13,29,6,5,92,software
1789,1789,17,11,1,12,200,financial
1790,1790,3,14,1,17,198,financial
1791,1791,4,8,3,13,144,education
1792,1792,1,27,8,14,232,pharmaceutical
1793,1793,9,19,0,15,95,retail
1794,1794,19,0,7,27,73,pharmaceutical
1795,1795,11,13,6,20,118,financial
1796,1796,3,27,4,13,213,realestate
1797,1797,12,13,5,0,98,software
1798,1798,13,14,3,28,104,education
1799,1799,16,0,8,14,155,realestate
1800,1800,5,20,3,18,120,financial
1801,1801,12,16,4,18,92,software
1802,1802,12,21,9,18,101,financial
1803,1803,18,16,6,8,57,retail
1804,1804,3,19,4,13,199,education
1805,1805,9,7,2,15,74,financial
1806,1806,18,11,2,1,83,education
1807,1807,16,15,5,27,157,software
1808,1808,10,8,2,24,97,pharmaceutical
1809,1809,14,16,3,6,179,realestate
1810,1810,19,0,7,7,118,education
1811,1811,8,17,8,23,128,education
1812,1812,8,9,5,5,149,software
1813,1813,14,13,0,21,178,software
1814,1814,1,15,2,14,189,retail
1815,1815,12,7,8,16,109,realestate
1816,1816,16,10,2,0,155,software
1817,1817,12,19,9,23,82,education
1818,1818,0,26,8,5,123,education
1819,1819,9,7,7,28,62,realestate
1820,1820,19,25,7,3,81,software
1821,1821,12,18,1,0,101,pharmaceutical
1822,1822,2,10,9,21,211,realestate
1823,1823,12,10,5,3,88,realestate
1824,1824,6,5,9,24,76,education
1825,1825,13,6,3,22,131,financial
1826,1826,11,27,9,28,91,pharmaceutical
1827,1827,10,12,8,25,123,software
1828,1828,0,2,8,3,119,education
1829,1829,4,19,6,8,195,financial
1830,1830,5,1,3,17,137,education
1831,1831,15,8,6,28,200,financial
1832,1832,12,11,2,4,105,realestate
1833,1833,19,13,5,13,92,education
1834,1834,6,27,3,17,40,retail
1835,1835,11,3,5,18,104,education
1836,1836,19,17,8,25,106,education
1837,1837,3,4,4,1,183,realestate
1838,1838,8,3,8,22,112,realestate
1839,1839,13,8,5,16,93,retail
1840,1840,0,2,7,29,119,retail
1841,1841,19,23,1,3,100,software
1842,1842,11,19,5,0,115,realestate
1843,1843,8,16,1,21,136,realestate
1844,1844,9,18,4,21,99,realestate
1845,1845,15,2,8,14,178,software
1846,1846,11,15,8,25,114,software
1847,1847,0,3,7,6,119,retail
1848,1848,14,28,7,16,195,realestate
1849,1849,17,12,3,7,199,education
1850,1850,5,12,2,18,138,realestate
1851,1851,3,26,2,23,178,financial
1852,1852,6,29,7,1,69,retail
1853,1853,15,2,2,15,206,education
1854,1854,11,10,7,22,94,retail
1855,1855,18,13,3,17,59,retail
1856,1856,14,3,5,11,198,retail
1857,1857,13,29,1,28,88,retail
1858,1858,4,3,1,9,170,education
1859,1859,7,6,4,12,156,retail
1860,1860,18,11,0,1,91,retail
1861,1861,10,24,7,18,155,software
1862,1862,1,28,3,1,210,software
1863,1863,16,29,9,5,152,education
1864,1864,19,3,3,12,94,realestate
1865,1865,18,18,9,24,65,software
1866,1866,14,0,6,23,197,retail
1867,1867,14,26,7,11,195,financial
1868,1868,18,5,7,24,60,software
1869,1869,11,22,6,11,127,financial
1870,1870,10,2,1,17,152,software
1871,1871,8,3,3,26,131,retail
1872,1872,3,7,2,6,205,realestate
1873,1873,6,8,5,10,63,software
1874,1874,14,18,2,27,181,retail
1875,1875,19,28,5,9,117,pharmaceutical
1876,1876,6,18,8,29,75,pharmaceutical
1877,1877,18,21,3,22,68,pharmaceutical
1878,1878,7,5,2,4,127,retail
1879,1879,16,3,5,25,154,retail
1880,1880,15,11,1,5,187,retail
1881,1881,12,0,9,23,110,software
1882,1882,14,19,4,20,180,software
1883,1883,4,12,1,25,143,software
1884,1884,6,3,9,5,65,software
1885,1885,17,15,4,28,197,financial
1886,1886,15,23,0,21,207,pharmaceutical
1887,1887,12,20,9,17,110,education
1888,1888,13,4,5,25,129,realestate
1889,1889,13,14,8,7,101,retail
1890,1890,10,12,5,4,110,retail
1891,1891,10,29,0,1,137,pharmaceutical
1892,1892,6,13,2,25,57,education
1893,1893,11,9,5,16,104,financial
1894,1894,6,28,4,25,71,financial
1895,1895,15,13,3,1,194,realestate
1896,1896,14,9,6,16,183,financial
1897,1897,19,13,1,24,99,realestate
1898,1898,13,14,6,4,118,education
1899,1899,11,20,5,16,124,financial
1900,1900,4,29,4,14,195,education
1901,1901,1,2,0,10,171,realestate
1902,1902,17,18,2,16,192,education
1903,1903,10,22,3,13,137,pharmaceutical
1904,1904,7,18,4,14,155,retail
1905,1905,0,13,4,23,123,realestate
1906,1906,9,22,6,24,45,realestate
1907,1907,10,16,8,18,139,education
1908,1908,10,0,9,24,157,retail
1909,1909,11,15,7,0,114,education
1910,1910,17,14,2,8,189,realestate
1911,1911,3,9,6,9,178,retail
1912,1912,18,10,9,18,85,education
1913,1913,7,23,8,6,147,realestate
1914,1914,8,5,2,0,159,retail
1915,1915,18,11,7,9,102,retail
1916,1916,7,3,5,9,142,retail
1917,1917,15,9,5,5,218,realestate
1918,1918,7,2,0,3,138,education
1919,1919,7,8,9,15,161,realestate
1920,1920,8,26,3,16,144,software
1921,1921,1,22,2,3,155,financial
1922,1922,10,17,9,5,110,financial
1923,1923,1,7,1,25,191,retail
1924,1924,12,12,1,15,88,software
1925,1925,18,16,2,7,55,retail
1926,1926,14,28,1,27,198,realestate
1927,1927,16,17,2,14,156,pharmaceutical
1928,1928,10,27,0,26,114,software
1929,1929,5,26,4,9,132,software
1930,1930,19,15,3,18,79,software
1931,1931,19,4,6,22,118,realestate
1932,1932,9,21,6,18,104,software
1933,1933,8,12,8,8,171,financial
1934,1934,14,20,5,20,199,retail
1935,1935,4,13,6,27,137,pharmaceutical
1936,1936,5,8,7,13,110,education
1937,1937,4,25,5,29,180,financial
1938,1938,3,2,5,25,205,education
1939,1939,0,0,1,17,121,pharmaceutical
1940,1940,19,17,5,3,96,realestate
1941,1941,7,29,2,20,154,education
1942,1942,0,15,4,12,123,software
1943,1943,19,26,8,8,78,software
1944,1944,15,23,5,16,184,financial
1945,1945,13,11,0,13,135,pharmaceutical
1946,1946,14,14,1,21,186,financial
1947,1947,1,9,2,13,162,education
1948,1948,4,26,3,20,136,realestate
1949,1949,16,5,9,4,152,realestate
1950,1950,1,8,3,27,205,education
1951,1951,3,13,6,3,182,financial
1952,1952,14,14,7,10,180,pharmaceutical
1953,1953,5,14,1,24,127,software
1954,1954,16,18,5,11,152,software
1955,1955,19,5,4,16,99,realestate
1956,1956,4,4,5,14,167,pharmaceutical
1957,1957,1,14,6,6,181,software
1958,1958,10,4,3,16,89,pharmaceutical
1959,1959,11,27,4,4,116,software
1960,1960,10,23,9,10,151,education
1961,1961,4,25,1,17,155,retail
1962,1962,11,27,4,18,92,pharmaceutical
1963,1963,5,20,1,10,104,financial
1964,1964,12,26,7,1,90,education
1965,1965,9,3,3,27,69,pharmaceutical
1966,1966,15,12,9,26,206,financial
1967,1967,8,29,8,18,175,financial
1968,1968,4,6,0,28,184,education
1969,1969,6,9,7,19,55,pharmaceutical
1970,1970,5,6,4,11,126,financial
1971,1971,6,22,3,23,52,financial
1972,1972,3,29,1,23,214,software
1973,1973,6,14,4,10,70,realestate
1974,1974,14,3,8,16,181,retail
1975,1975,6,6,8,8,73,financial
1976,1976,11,27,1,6,117,financial
1977,1977,18,2,0,23,73,financial
1978,1978,9,25,1,17,81,software
1979,1979,16,6,6,20,154,software
1980,1980,7,12,0,12,131,software
1981,1981,14,16,5,6,196,realestate
1982,1982,7,28,1,28,130,software
1983,1983,8,21,0,23,130,realestate
1984,1984,7,9,4,10,156,pharmaceutical
1985,1985,14,6,0,6,195,software
1986,1986,15,17,1,16,203,software
1987,1987,13,2,9,6,100,retail
1988,1988,10,10,2,5,149,retail
1989,1989,5,29,0,22,92,pharmaceutical
1990,1990,7,23,3,11,149,software
1991,1991,8,7,0,19,186,software
1992,1992,2,25,4,27,208,retail
1993,1993,4,2,6,25,163,realestate
1994,1994,6,11,4,10,84,realestate
1995,1995,10,11,2,15,143,software
1996,1996,18,12,2,20,74,education
1997,1997,11,25,3,7,124,software
1998,1998,2,21,3,17,199,retail
1999,1999,19,27,7,14,116,software
